Player,Pos,G,A,PIM,PPG,SHG,GWG,PP,SH,SOG,FOW,FOL,BLK,HIT,-9999
Nikita Kucherov,RW,37,84,45,8,0,9,38,0,265,1,1,33,23,kucheni01
Nathan MacKinnon,C,32,84,41,9,0,5,29,0,320,756,758,58,38,mackina01
Leon Draisaitl,C,52,54,34,16,0,11,17,0,240,650,546,27,23,draisle01
David Pastrňák,RW,43,63,42,9,0,4,14,0,319,3,5,24,58,pastrda01
Mitch Marner,RW,27,75,14,6,1,7,27,1,173,10,24,40,49,marnemi01
Connor McDavid,C,26,74,37,9,0,3,22,0,196,370,406,18,40,mcdavco01
Kyle Connor,LW,41,56,25,9,2,8,19,0,267,1,7,46,21,connoky01
Jack Eichel,C,28,66,8,5,1,3,29,1,233,572,682,55,22,eicheja01
Cale Makar,D,30,62,14,12,2,4,23,1,246,0,0,128,51,makarca01
Sidney Crosby,C,33,58,31,12,0,10,15,0,227,1016,766,39,67,crosbsi01
Brandon Hagel,LW,35,55,58,0,3,4,11,4,228,8,15,60,59,hagelbr01
Clayton Keller,C,30,60,28,10,0,5,27,0,218,10,20,30,11,kellecl01
Artemi Panarin,LW,37,52,16,8,0,3,18,0,237,0,1,11,18,panarar01
Nick Suzuki,C,30,59,8,4,2,9,23,0,172,680,638,70,63,suzukni01
Jesper Bratt,W,21,67,18,4,2,2,30,2,180,0,3,42,96,brattje01
Mikko Rantanen,RW,32,56,60,11,0,6,15,0,212,135,120,44,48,rantami01
Mikko Rantanen,RW,25,39,28,8,0,5,11,0,135,121,106,32,28,rantami01
Mikko Rantanen,RW,2,4,10,1,0,1,1,0,40,5,5,3,10,rantami01
Mikko Rantanen,RW,5,13,22,2,0,0,3,0,37,9,9,9,10,rantami01
Mark Scheifele,C,39,48,61,11,0,11,14,0,180,627,641,60,73,scheima01
William Nylander,C,45,39,26,12,0,8,18,0,253,76,77,27,14,nylanwi01
Martin Nečas,C,27,56,16,12,0,8,25,0,194,51,84,23,62,necasma01
Martin Nečas,C,16,39,10,7,0,5,15,0,113,48,78,16,40,necasma01
Martin Nečas,C,11,17,6,5,0,3,10,0,81,3,6,7,22,necasma01
Matt Duchene,C,30,52,12,8,0,6,19,0,152,440,400,21,29,duchema01
Brayden Point,C,42,40,7,16,0,7,15,0,189,430,456,45,26,pointbr01
Dylan Strome,C,29,53,34,9,0,3,25,0,149,691,596,54,23,stromdy01
Zach Werenski,D,23,59,31,5,1,5,20,2,298,0,0,131,19,werenza01
Sam Reinhart,C,39,42,27,13,5,4,17,1,213,212,302,62,103,reinhsa01
Robert Thomas,C,21,60,20,3,1,5,16,0,145,733,605,48,13,thomaro01
Jake Guentzel,C,41,39,24,17,1,5,11,0,217,177,207,52,28,guentja01
Lucas Raymond,LW,27,53,18,8,1,5,29,0,192,1,7,34,42,raymolu01
Jason Robertson,LW,35,45,18,9,0,6,10,0,211,7,12,45,60,roberja01
Tim Stützle,LW,24,55,46,5,0,2,28,0,162,195,213,45,130,stuetti02
Auston Matthews,C,33,45,20,10,2,2,15,0,261,695,528,89,45,matthau01
Filip Forsberg,C,31,45,44,10,0,3,16,0,281,4,13,52,151,forsbfi01
Quinn Hughes,D,16,60,29,4,0,3,25,0,192,0,0,67,13,hughequ01
Travis Konecny,RW,24,52,53,8,1,3,9,2,188,39,61,42,94,konectr01
Sebastian Aho,F,29,45,46,5,3,9,18,4,207,663,535,30,59,ahose01
Kirill Marchenko,RW,31,43,20,2,0,2,17,0,207,13,28,38,55,marchki01
John Tavares,C,38,36,46,12,0,8,8,0,200,762,546,45,92,tavarjo01
Matt Boldy,LW,27,46,51,6,0,10,15,0,271,58,67,69,52,boldyma01
Adrian Kempe,LW,35,38,36,7,1,5,11,0,237,11,13,36,100,kempead01
Alex Ovechkin,LW,44,29,14,14,0,7,8,0,237,0,2,13,110,ovechal01
Tage Thompson,C,44,28,35,7,0,6,9,0,242,301,403,31,70,thompta01
Aleksander Barkov,C,20,51,16,9,1,4,19,3,149,580,446,54,87,barkoal01
Wyatt Johnston,C,33,38,14,11,3,4,14,0,202,465,444,47,45,johnswy01
Cole Caufield,RW,37,33,14,10,0,8,7,0,239,6,9,31,66,caufico01
Alex DeBrincat,RW,39,31,29,13,0,4,16,0,244,26,32,38,33,debrial01
Jack Hughes,C,27,43,18,6,1,7,21,1,229,251,416,29,7,hugheja03
Jordan Kyrou,C,36,34,20,7,0,4,10,0,239,5,10,36,50,kyroujo01
Dylan Larkin,C,30,40,40,13,0,3,14,0,234,871,728,33,44,larkidy01
Rickard Rakell,RW,35,35,14,9,0,1,10,0,203,19,26,77,116,rakelri01
J.T. Miller,C,22,48,55,5,0,2,17,4,137,628,450,50,168,millejt01
J.T. Miller,C,9,26,37,2,0,2,12,0,82,409,289,28,92,millejt01
J.T. Miller,C,13,22,18,3,0,0,5,4,55,219,161,22,76,millejt01
Nico Hischier,C,35,34,20,14,0,3,15,2,187,987,790,60,44,hischni01
Drake Batherson,C,26,42,30,13,0,3,18,0,192,12,12,30,149,bathedr01
Rasmus Dahlin,D,17,51,54,5,0,1,16,1,200,0,0,98,101,dahlira01
JJ Peterka,RW,27,41,34,6,0,3,12,0,173,2,10,16,30,peterjo01
Connor Bedard,C,23,44,70,11,0,5,18,0,195,251,405,37,47,bedarco01
Evan Bouchard,D,14,53,32,3,0,2,23,0,235,0,0,108,31,bouchev01
Roope Hintz,LW,28,39,30,7,1,7,13,1,160,458,392,46,53,hintzro01
Seth Jarvis,C,32,35,16,7,5,2,12,2,204,52,100,51,93,jarvise01
Nazem Kadri,C,35,32,72,9,0,5,13,0,279,677,787,30,55,kadrina01
Anže Kopitar,C,21,46,4,4,0,7,18,1,98,879,658,67,31,kopitan01
Mark Stone,RW,19,48,14,5,0,4,20,1,131,5,10,42,32,stonema01
Alex Tuch,RW,36,31,47,3,6,4,8,3,196,77,111,113,73,tuchal01
Pierre-Luc Dubois,LW,20,46,76,4,0,4,10,0,142,577,584,62,65,duboipi01
Victor Hedman,D,15,51,30,4,0,1,22,0,181,0,0,133,39,hedmavi01
Lane Hutson,D,6,60,34,1,0,0,25,0,91,0,0,123,40,hutsola01
Aliaksei Protas,C,30,36,18,0,3,6,1,2,142,6,19,33,20,protaal01
Mikael Granlund,C,22,44,28,5,1,4,14,0,169,359,365,60,57,granlmi01
Mikael Granlund,C,15,30,20,5,1,1,10,0,126,326,348,37,37,granlmi01
Mikael Granlund,C,7,14,8,0,0,3,4,0,43,33,17,23,20,granlmi01
Logan Cooley,C,25,40,46,7,0,2,13,0,158,340,420,32,63,coolelo01
Bryan Rust,RW,31,34,18,5,0,5,13,0,190,9,8,54,62,rustbr01
Tom Wilson,RW,33,32,100,11,2,6,6,3,169,5,14,71,233,wilsoto01
Macklin Celebrini,F,25,38,28,8,0,4,14,0,236,507,544,53,37,celebma01
Nikolaj Ehlers,LW,24,39,17,6,0,5,16,0,174,5,14,33,38,ehlerni01
Dylan Holloway,C,26,37,10,6,0,8,7,0,178,61,82,50,165,hollody01
Matvei Michkov,RW,26,37,46,8,0,3,9,0,200,19,22,23,29,michkma01
Nick Schmaltz,C,20,43,14,9,0,3,16,0,186,185,191,45,14,schmani01
Ryan Donato,C,31,31,41,5,0,3,9,0,182,234,291,18,104,donatry01
Jonathan Huberdeau,LW,28,34,34,10,3,6,13,1,153,13,26,64,50,huberjo01
Josh Morrissey,D,14,48,22,3,0,2,19,0,172,0,0,113,49,morrijo04
Mika Zibanejad,C,20,42,22,7,0,0,12,6,183,549,507,46,44,zibanmi01
Adam Fox,D,10,51,32,1,1,2,17,2,135,0,0,108,40,foxad01
Tomáš Hertl,C,32,29,20,14,0,3,9,0,177,536,422,56,99,hertlto01
Jared McCann,C,22,39,18,4,0,3,12,1,202,109,135,50,47,mccanja01
Gabriel Vilardi,C,27,34,14,12,0,6,13,0,130,75,77,50,21,vilarga01
Kevin Fiala,LW,35,25,38,14,0,6,11,0,244,15,22,22,63,fialake01
Dylan Guenther,RW,27,33,26,12,0,9,17,0,204,10,19,42,53,guentdy01
Marco Rossi,C,24,36,26,7,0,3,9,0,136,464,528,41,62,rossima01
Anthony Cirelli,C,27,32,28,3,4,2,2,3,160,647,645,72,25,cirelan01
Patrick Kane,RW,21,38,12,12,0,6,17,0,175,5,8,23,19,kanepa01
Vincent Trocheck,C,26,33,44,5,6,7,7,1,202,910,624,78,214,trochvi01
William Eklund,LW,17,41,29,6,1,2,10,2,151,11,25,46,54,eklunwi01
Matthew Knies,LW,29,29,43,5,0,6,10,1,152,0,1,41,182,kniesma01
Teuvo Teräväinen,F,15,43,12,7,0,0,17,2,111,60,93,29,27,teravte01
Pavel Buchnevich,LW,20,37,23,2,0,3,10,2,145,85,143,32,44,buchnpa01
Morgan Geekie,C,33,24,22,4,0,4,5,0,150,173,201,29,110,geekimo01
Bo Horvat,C,28,29,16,3,2,7,4,0,243,767,552,40,100,horvabo01
Kent Johnson,C,24,33,16,4,1,4,11,2,123,0,8,29,3,johnske01
Connor McMichael,C,26,31,49,4,0,5,6,1,177,51,58,36,39,mcmicco01
Sean Monahan,C,19,38,20,7,0,2,7,3,128,616,555,34,30,monahse01
Jake Sanderson,D,11,46,12,5,0,4,25,4,195,0,0,163,38,sandeja01
Shea Theodore,D,7,50,26,2,0,2,17,0,128,0,0,82,6,theodsh01
Matthew Tkachuk,LW,22,35,54,11,0,2,12,0,156,1,4,12,84,tkachma01
Kirill Kaprizov,LW,25,31,16,4,0,5,10,0,145,0,2,17,16,kapriki01
Jonathan Marchessault,C,21,35,37,4,0,4,19,0,206,17,50,25,77,audymjo01
Brock Nelson,C,26,30,18,3,3,7,4,0,193,630,579,43,35,nelsobr01
Brock Nelson,C,20,23,14,1,3,6,3,0,162,491,439,36,26,nelsobr01
Brock Nelson,C,6,7,4,2,0,1,1,0,31,139,140,7,9,nelsobr01
Troy Terry,C,21,34,20,4,0,4,7,0,188,12,20,29,7,terrytr01
Brady Tkachuk,LW,29,26,123,14,0,5,9,0,296,178,169,33,228,tkachbr01
Quinton Byfield,C,23,31,46,3,1,4,4,0,157,416,526,33,80,byfiequ01
Adam Fantilli,C,31,23,18,2,1,3,2,1,191,420,598,56,113,fantiad01
Anders Lee,LW,29,25,35,5,0,3,4,0,233,12,15,39,121,leean01
Tyler Toffoli,C,30,24,14,6,0,1,9,0,233,13,11,32,54,toffoty01
Mats Zuccarello,LW,19,35,22,3,0,6,13,0,151,14,21,48,32,zuccama01
Erik Karlsson,D,11,42,20,2,0,1,13,0,191,0,0,94,29,karlser01
Ryan McLeod,C,20,33,16,0,3,2,2,3,97,630,574,35,17,mcleory01
Timo Meier,RW,26,27,58,7,0,5,6,0,238,8,18,65,141,meierti01
Ryan O'Reilly,C,21,32,24,9,0,3,8,0,151,746,593,72,20,oreilry01
Mikhail Sergachev,D,15,38,32,3,1,3,20,0,132,0,0,140,61,sergami01
Steven Stamkos,C,27,26,48,14,0,6,7,0,174,395,399,46,66,stamkst01
Carter Verhaeghe,C,20,33,46,5,0,5,11,0,241,16,28,28,95,verhaca01
Jason Zucker,LW,21,32,57,11,0,4,10,0,143,42,64,22,68,zuckeja01
Pavel Dorofeyev,LW,35,17,30,13,0,7,4,0,254,3,13,37,28,dorofpa01
Mason McTavish,C,22,30,38,6,0,2,6,0,180,487,474,31,70,mctavma01
Ivan Barbashev,C,23,28,10,2,0,3,1,0,111,12,21,33,104,barbaiv01
Sam Bennett,C,25,26,90,7,0,4,4,0,241,450,523,45,145,bennesa01
John Carlson,D,5,46,22,1,0,0,13,0,167,0,0,131,49,carlsjo01
Juraj Slafkovsky,LW,18,33,45,5,0,1,5,0,133,5,14,62,194,slafkju01
Chandler Stephenson,C,13,38,24,1,2,1,17,0,72,760,714,50,33,stephch02
Brad Marchand,LW,23,28,64,5,0,5,8,1,194,5,8,34,81,marchbr03
Brad Marchand,LW,21,26,62,5,0,5,8,1,175,5,7,27,66,marchbr03
Brad Marchand,LW,2,2,2,0,0,0,0,0,19,0,1,7,15,marchbr03
Brock Boeser,RW,25,25,16,9,0,3,11,0,145,15,40,34,76,boesebr01
Conor Garland,RW,19,31,52,7,0,4,9,0,171,5,13,58,49,garlaco01
Claude Giroux,C,15,35,18,4,0,3,14,1,138,600,376,41,64,giroucl01
Thomas Harley,D,16,34,16,1,0,3,14,0,171,0,0,110,33,harleth01
Evgeni Malkin,C,16,34,42,4,0,3,12,0,125,290,343,48,32,malkiev01
Cole Perfetti,C,18,32,20,5,0,2,10,0,143,21,46,45,71,perfeco01
Brayden Schenn,C,18,32,61,2,0,5,5,0,144,618,564,55,194,schenbr01
Jamie Benn,LW,16,33,70,1,0,4,9,0,136,296,233,45,114,bennja01
Ryan Nugent-Hopkins,C,20,29,24,7,2,5,13,0,164,270,287,48,26,nugenry01
Jaden Schwartz,C,26,23,24,6,0,6,4,0,194,34,34,42,43,schwaja01
Jake DeBrusk,LW,28,20,18,14,0,4,5,0,171,11,18,48,96,debruja01
Kyle Palmieri,RW,24,24,20,5,0,2,4,1,169,13,20,48,54,palmiky01
Andrei Svechnikov,RW,20,28,59,10,0,2,8,0,180,1,3,22,148,svechan01
Jakob Chychrun,D,20,27,52,5,0,6,10,0,179,0,0,87,59,chychja01
Matthew Coronato,RW,24,23,25,5,0,4,12,0,180,68,91,37,36,coronma01
Elias Lindholm,C,17,30,14,2,1,3,12,2,151,759,615,79,114,lindhel01
Mason Marchment,F,22,25,53,5,0,4,5,0,134,12,13,21,79,marchma01
Dmitri Voronkov,LW,23,24,55,8,0,1,3,0,154,37,52,47,71,vorondi01
MacKenzie Weegar,D,8,39,33,4,0,0,17,2,184,0,1,192,223,weegama01
Pavel Zacha,C,14,33,21,2,2,5,5,1,132,393,346,26,63,zachapa01
Dylan Cozens,C,16,31,68,5,0,2,7,0,188,587,573,45,205,cozendy01
Dylan Cozens,C,11,20,62,2,0,1,2,0,139,453,443,37,148,cozendy01
Dylan Cozens,C,5,11,6,3,0,1,5,0,49,134,130,8,57,cozendy01
Tyler Bertuzzi,LW,23,23,51,10,0,1,10,0,131,22,25,28,60,bertuty01
Warren Foegele,LW,24,22,24,1,0,7,1,0,199,24,35,40,74,foegewa01
Barrett Hayton,C,20,26,45,7,0,7,8,0,155,552,468,44,31,haytoba01
Jake Neighbours,LW,22,24,56,6,0,3,6,0,122,5,13,56,173,neighja01
Moritz Seider,D,8,38,40,4,0,0,20,0,162,0,0,181,212,seidemo01
Pius Suter,F,25,21,18,2,1,3,3,1,138,373,501,43,59,suterpi01
Oliver Bjorkstrand,RW,21,25,18,5,0,2,7,0,154,3,7,26,74,bjorkol01
Oliver Bjorkstrand,RW,16,21,14,4,0,1,4,0,124,2,5,15,61,bjorkol01
Oliver Bjorkstrand,RW,5,4,4,1,0,1,3,0,30,1,2,11,13,bjorkol01
Leo Carlsson,C,20,25,14,4,1,5,3,1,114,302,428,36,24,carlsle01
Thomas Chabot,D,9,36,24,1,0,1,7,0,179,0,0,145,58,chaboth01
Sean Couturier,C,15,30,41,1,0,2,3,0,155,670,525,45,54,coutuse01
William Cuylle,LW,20,25,42,2,2,3,1,1,152,11,22,50,301,cuyllwi01
Shayne Gostisbehere,D,7,38,52,4,0,0,23,0,122,0,0,66,41,gostish01
Simon Holmström,RW,20,25,8,2,1,3,4,3,96,1,4,55,27,holmssi01
Alexis Lafrenière,LW,17,28,38,2,0,4,2,0,153,13,26,27,119,lafreal01
Artturi Lehkonen,LW,27,18,34,1,1,5,4,0,148,7,9,39,33,lehkoar01
Anton Lundell,C,17,28,36,2,2,1,4,0,158,542,481,54,110,lundean01
Elias Pettersson,C,15,30,14,7,0,1,9,0,109,458,506,77,74,petteel01
Will Smith,C,18,27,18,5,0,1,7,0,127,65,113,16,13,smithwi01
Frank Vatrano,LW,21,24,80,3,1,1,2,0,234,16,18,69,169,vatrafr01
Cutter Gauthier,LW,20,24,20,2,0,3,4,0,190,21,35,51,68,gauthcu01
Luke Hughes,D,7,37,16,0,0,1,16,0,121,0,1,60,19,hughelu01
Zach Hyman,LW,27,17,32,6,0,7,6,0,210,2,3,24,59,hymanza01
Devon Toews,D,10,34,26,1,0,4,2,0,138,0,0,103,40,toewsde01
Shane Wright,C,19,25,18,7,0,2,6,0,91,369,462,62,54,wrighsh01
Kaapo Kakko,RW,14,30,38,4,0,2,4,0,117,50,50,28,68,kakkoka01
Kaapo Kakko,RW,4,10,14,1,0,1,1,0,45,32,32,8,23,kakkoka01
Kaapo Kakko,RW,10,20,24,3,0,1,3,0,72,18,18,20,45,kakkoka01
Matty Beniers,C,20,23,14,5,0,2,4,0,147,569,624,77,42,beniema01
Phillip Danault,C,8,35,26,1,0,3,0,1,122,635,581,73,83,danauph01
Tyson Foerster,RW,25,18,49,6,0,2,2,0,142,0,2,54,75,foersty01
Jackson LaCombe,D,14,29,28,2,0,2,7,1,134,0,1,129,69,lacomja01
Owen Tippett,RW,20,23,16,0,0,2,7,0,188,7,11,63,115,tippeow01
Alex Laferriere,RW,19,23,20,2,0,4,2,0,193,36,61,43,124,laferal01
Jean-Gabriel Pageau,C,14,28,23,2,1,1,3,3,120,589,399,57,140,pageaje01
Taylor Hall,LW,18,24,36,5,0,3,4,0,144,43,50,42,43,hallta02
Taylor Hall,LW,9,15,16,1,0,1,2,0,82,32,40,29,23,hallta02
Taylor Hall,LW,9,9,20,4,0,2,2,0,62,11,10,13,20,hallta02
Bobby Brink,RW,12,29,22,2,0,2,2,0,105,17,40,30,98,brinkbo01
Brandon Montour,D,18,23,70,5,0,4,6,0,231,0,0,100,84,montobr01
Stefan Noesen,RW,22,19,54,11,0,5,4,0,165,41,44,26,152,noesest01
Nick Paul,LW,22,19,30,2,0,3,3,1,141,393,393,31,66,paulni01
Morgan Rielly,D,7,34,21,1,0,2,13,1,126,0,0,131,21,riellmo01
Ryan Strome,C,10,31,70,0,0,3,6,0,137,511,715,36,52,stromry01
Fabian Zetterlund,W,19,22,14,5,0,0,2,0,181,31,21,81,154,zettefa01
Fabian Zetterlund,W,17,19,10,4,0,0,2,0,141,30,20,63,115,zettefa01
Fabian Zetterlund,W,2,3,4,1,0,0,0,0,40,1,1,18,39,zettefa01
Evgenii Dadonov,RW,20,20,10,5,0,2,2,0,123,0,0,39,44,dadonev01
Matt Grzelcyk,D,1,39,16,0,0,0,15,0,94,0,0,101,43,grzelma01
Dougie Hamilton,D,9,31,30,5,0,3,10,0,186,0,0,85,74,hamildo01
Brett Howden,C,23,17,46,0,1,4,0,0,125,272,244,56,121,howdebr01
Trevor Moore,LW,18,22,14,1,1,2,2,0,153,1,11,29,71,mooretr01
Owen Power,D,7,33,16,1,0,0,5,0,139,0,0,109,26,powerow01
Kiefer Sherwood,RW,19,21,35,0,1,6,2,1,141,24,32,30,462,sherwki01
Cam Fowler,D,9,31,14,2,0,1,6,0,88,0,0,87,8,fowleca01
Cam Fowler,D,0,4,6,0,0,0,0,0,17,0,0,29,2,fowleca01
Cam Fowler,D,9,27,8,2,0,1,6,0,71,0,0,58,6,fowleca01
Casey Mittelstadt,C,15,25,24,3,0,3,10,0,105,443,560,33,30,mitteca01
Casey Mittelstadt,C,11,23,20,2,0,3,9,0,82,345,469,23,24,mitteca01
Casey Mittelstadt,C,4,2,4,1,0,0,1,0,23,98,91,10,6,mitteca01
Jake Walman,D,7,33,42,0,0,1,8,1,164,0,0,145,57,walmaja01
Jake Walman,D,6,26,36,0,0,1,7,0,125,0,0,111,48,walmaja01
Jake Walman,D,1,7,6,0,0,0,1,1,39,0,0,34,9,walmaja01
Reilly Smith,RW,13,27,24,2,2,4,4,1,129,4,7,41,48,smithre01
Reilly Smith,RW,10,19,22,1,2,2,3,0,89,1,2,34,42,smithre01
Reilly Smith,RW,3,8,2,1,0,2,1,1,40,3,5,7,6,smithre01
Blake Coleman,C,15,24,36,4,1,4,1,2,194,38,41,66,176,colembl01
Noah Dobson,D,10,29,28,1,0,1,11,1,196,0,0,126,57,dobsono01
Vince Dunn,D,11,28,33,2,0,3,10,0,137,0,0,79,29,dunnvi02
Noah Hanifin,D,10,29,14,2,0,2,8,0,145,0,0,106,43,hanifno01
Neal Pionk,D,10,29,44,4,0,2,8,1,123,0,0,101,114,pionkne01
Jack Quinn,RW,15,24,18,3,0,3,10,0,123,1,6,23,39,quinnja01
Jack Roslovic,C,22,17,10,1,0,2,1,0,139,192,163,23,14,rosloja01
Bowen Byram,D,7,31,46,0,0,2,2,1,94,0,0,116,75,byrambo01
Brendan Gallagher,RW,21,17,39,5,0,1,2,0,148,0,6,38,92,gallabr01
Roman Josi,D,9,29,18,2,0,1,15,0,150,0,0,95,42,josiro01
Vladislav Namestnikov,C,11,27,38,2,0,1,9,1,94,365,426,49,84,namesvl01
Michael Bunting,LW,19,19,68,11,0,1,6,0,155,5,8,19,70,buntimi01
Michael Bunting,LW,14,15,48,9,0,1,6,0,110,5,6,13,59,buntimi01
Michael Bunting,LW,5,4,20,2,0,0,0,0,45,0,2,6,11,buntimi01
Logan Stankoven,C,14,24,18,2,0,5,6,0,194,87,106,33,48,stanklo01
Logan Stankoven,C,9,20,6,1,0,4,5,0,148,85,98,24,42,stanklo01
Logan Stankoven,C,5,4,12,1,0,1,1,0,46,2,8,9,6,stanklo01
André Burakovsky,LW,10,27,12,0,0,1,8,0,115,3,3,27,33,burakan01
Noah Cates,LW,16,21,14,1,0,2,2,0,110,493,612,54,87,catesno01
Jonathan Drouin,LW,11,26,6,3,0,2,9,0,56,9,13,12,14,drouijo01
Frédérick Gaudreau,C,18,19,8,5,0,2,0,0,110,529,568,61,47,gaudrfr01
Marco Kasper,C,19,18,34,2,0,3,2,0,145,281,345,48,156,kaspema01
Alex Killorn,C,19,18,30,0,1,5,3,1,134,8,13,23,77,killoal01
Nino Niederreiter,RW,17,20,24,4,0,3,7,0,150,20,26,39,152,niedeni01
Shane Pinto,C,21,16,26,1,3,5,1,2,127,444,442,56,73,pintosh01
Darren Raddysh,D,6,31,14,2,0,0,7,0,108,0,0,68,38,raddyda01
Morgan Frost,C,14,23,22,2,0,2,13,0,144,529,504,60,69,frostmo01
Morgan Frost,C,11,14,16,1,0,2,6,0,86,306,285,39,35,frostmo01
Morgan Frost,C,3,9,6,1,0,0,7,0,58,223,219,21,34,frostmo01
Andrei Kuzmenko,F,11,26,14,4,0,4,9,0,83,1,0,22,19,kuzmean01
Andrei Kuzmenko,F,4,11,12,3,0,3,3,0,39,1,0,9,8,kuzmean01
Andrei Kuzmenko,F,2,3,0,1,0,0,1,0,13,0,0,2,3,kuzmean01
Andrei Kuzmenko,F,5,12,2,0,0,1,5,0,31,0,0,11,8,kuzmean01
Zachary Bolduc,C,19,17,37,7,0,0,5,0,120,5,9,36,108,bolduza01
Jake Evans,C,13,23,10,0,3,5,0,3,80,593,529,60,124,evansja02
Jordan Martinook,LW,15,21,18,0,0,3,0,1,112,35,37,52,84,martijo01
Dawson Mercer,C,19,17,16,6,1,3,2,0,141,96,141,60,41,merceda01
Colton Parayko,D,16,20,8,1,1,4,0,1,125,0,0,149,92,parayco01
Jordan Staal,C,13,23,16,0,2,3,0,0,107,724,605,43,138,staaljo01
James van Riemsdyk,LW,16,20,23,1,0,2,1,0,85,6,14,16,31,vanrija01
Seth Jones,D,9,27,22,5,0,2,14,0,129,0,0,109,96,jonesse01
Seth Jones,D,7,20,18,5,0,2,10,0,81,0,0,83,62,jonesse01
Seth Jones,D,2,7,4,0,0,0,4,0,48,0,0,26,34,jonesse01
Nick Foligno,LW,15,20,48,2,2,1,2,0,104,341,363,34,200,foligni01
Eeli Tolvanen,RW,23,12,23,2,0,3,3,0,137,5,6,65,237,tolvaee01
Maxim Tsyplakov,F,10,25,39,1,0,1,2,0,116,10,13,40,140,tsyplma01
Alexander Wennberg,C,10,25,14,3,0,2,7,0,82,508,561,80,30,wennbal01
Joshua Norris,C,21,14,44,6,3,5,5,1,96,413,354,47,135,norrijo01
Joshua Norris,C,20,13,34,6,3,5,5,1,94,386,331,45,133,norrijo01
Joshua Norris,C,1,1,10,0,0,0,0,0,2,27,23,2,2,norrijo01
Charlie Coyle,C,17,18,24,3,1,3,4,0,115,374,395,61,108,coylech01
Charlie Coyle,C,15,7,18,3,1,2,0,0,92,266,275,49,93,coylech01
Charlie Coyle,C,2,11,6,0,0,1,4,0,23,108,120,12,15,coylech01
Jackson Blake,RW,17,17,30,5,0,6,2,0,142,15,15,30,19,blakeja02
Ridly Greig,C,13,21,60,3,2,2,6,2,119,208,172,47,138,greigri01
Marcus Johansson,C,11,23,12,1,1,1,5,0,121,5,15,25,49,johanma03
Adam Lowry,LW,16,18,28,0,0,4,0,2,99,615,573,60,140,lowryad01
Bobby McMann,F,20,14,27,3,0,5,3,0,169,4,17,23,136,mcmanbo02
Ilya Mikheyev,F,20,14,16,0,3,3,0,0,138,1,11,15,34,mikheil01
Valeri Nichushkin,RW,21,13,8,5,0,0,3,0,118,3,3,21,55,nichuva01
Brandt Clarke,D,5,28,46,2,0,0,7,0,131,0,0,121,23,clarkbr02
Max Domi,LW,8,25,76,0,0,1,7,0,93,273,271,30,32,domima01
Christian Dvorak,C,12,21,16,1,0,0,1,0,104,591,469,74,44,dvorach01
Aaron Ekblad,D,3,30,53,0,0,2,11,2,106,0,0,64,90,ekblaaa01
Mattias Ekholm,D,9,24,30,3,0,1,4,0,143,0,0,95,42,ekholma01
Filip Hronek,D,5,28,40,0,0,0,7,0,83,1,0,75,89,hronefi01
Jesperi Kotkaniemi,C,12,21,50,0,0,1,1,0,115,367,342,28,66,kotkaje01
Patrik Laine,RW,20,13,14,15,0,5,4,0,116,11,14,28,26,lainepa01
Mason Lohrei,D,5,28,16,1,0,0,15,0,92,0,0,103,25,lohrema01
Darnell Nurse,D,5,28,72,0,1,1,2,0,188,0,0,136,161,nurseda01
Alex Pietrangelo,D,4,29,16,0,0,1,2,2,123,0,0,139,41,pietral01
Ivan Provorov,D,7,26,31,1,1,0,2,2,100,0,0,127,28,provoiv01
Cole Sillinger,C,11,22,35,2,1,2,1,1,129,300,350,36,74,sillico01
Brady Skjei,D,10,23,42,2,0,1,8,0,156,0,0,93,52,skjeibr01
Vladimir Tarasenko,RW,11,22,6,1,0,1,7,0,133,0,2,35,63,tarasvl01
Mikael Backlund,C,15,17,32,1,1,3,5,0,175,703,749,51,41,backlmi01
J.T. Compher,LW,11,21,24,5,0,3,4,0,98,457,556,64,29,comphj.01
Luke Evangelista,RW,10,22,22,1,0,1,4,0,134,0,3,13,28,evanglu01
Justin Faulk,D,4,28,30,1,0,1,11,0,124,0,0,108,82,faulkju01
Mathieu Olivier,F,18,14,139,0,1,5,0,1,111,14,22,80,306,olivima01
Eric Robinson,LW,14,18,10,0,0,1,0,0,110,7,26,16,123,robiner01
Evan Rodrigues,C,15,17,38,4,0,1,3,0,161,127,155,23,128,rodriev01
Yegor Sharangovich,C,17,15,8,5,1,2,3,0,128,146,171,31,14,sharaye01
Jared Spurgeon,D,7,25,14,1,0,3,8,0,107,0,0,119,53,spurgja01
Trevor Zegras,C,12,20,23,1,0,1,3,0,98,68,118,27,50,zegratr01
Rasmus Andersson,D,11,20,60,3,0,1,6,0,163,0,0,196,36,anderra01
Simon Edvinsson,D,7,24,67,0,0,3,0,1,86,0,0,144,86,edvinsi01
Gustav Forsling,D,11,20,16,0,1,1,1,1,195,0,0,89,83,forslgu02
Alex Iafallo,C,15,16,15,6,0,2,4,0,109,12,13,61,53,iafalal01
Mike Matheson,D,6,25,51,1,0,1,9,1,149,0,0,168,60,mathemi01
Ryan McDonagh,D,4,27,22,0,1,2,1,2,78,0,0,152,23,mcdonry01
Ryan Poehling,C,12,19,16,2,0,1,1,1,71,375,362,79,26,poehlry01
Nicolas Roy,C,15,16,43,2,0,3,2,0,107,371,407,47,72,royni01
Mackie Samoskevich,RW,15,16,12,4,0,5,7,0,129,0,1,32,134,samosma01
Scott Laughton,C,13,18,32,0,1,2,0,1,125,253,245,54,178,laughsc01
Scott Laughton,C,11,16,21,0,1,1,0,1,105,189,192,33,129,laughsc01
Scott Laughton,C,2,2,11,0,0,1,0,0,20,64,53,21,49,laughsc01
Yanni Gourde,C,7,24,52,0,0,2,1,0,75,267,271,36,109,gourdya01
Yanni Gourde,C,6,11,36,0,0,1,0,0,40,191,185,26,59,gourdya01
Yanni Gourde,C,1,13,16,0,0,1,1,0,35,76,86,10,50,gourdya01
Connor Brown,RW,13,17,10,0,1,4,0,1,123,16,28,37,19,brownco02
Vladislav Gavrikov,D,5,25,28,0,0,0,0,1,112,0,0,140,50,gavrivl01
Keegan Kolesar,RW,12,18,53,0,0,3,0,1,88,6,12,49,237,koleske01
Chris Kreider,LW,22,8,24,6,4,6,1,0,152,27,41,26,79,kreidch01
Kris Letang,D,9,21,52,4,1,0,8,0,164,0,0,100,120,letankr01
Corey Perry,RW,19,11,61,4,0,4,3,0,100,17,16,26,36,perryco01
Rasmus Sandin,D,4,26,23,1,0,0,4,0,78,0,0,122,91,sandira01
Travis Sanheim,D,8,22,40,0,0,0,2,2,139,0,0,170,84,sanhetr01
Alex Vlasic,D,4,26,12,1,0,0,11,1,103,0,0,157,59,vlasial01
Brandon Saad,LW,13,17,6,0,0,1,3,0,127,7,18,21,12,saadbr01
Brandon Saad,LW,7,9,6,0,0,0,2,0,75,3,6,11,7,saadbr01
Brandon Saad,LW,6,8,0,0,0,1,1,0,52,4,12,10,5,saadbr01
Joel Armia,RW,11,18,16,0,3,1,3,0,104,3,11,35,87,armiajo01
Philip Broberg,D,8,21,16,0,0,2,2,0,97,0,0,103,43,brobeph01
Brent Burns,D,6,23,28,0,0,0,3,0,174,0,0,98,11,burnsbr01
Ross Colton,C,16,13,18,5,0,3,2,0,125,39,58,42,145,coltoro01
Oliver Ekman-Larsson,D,4,25,52,2,0,1,2,0,118,0,0,83,108,ekmanol01
Joel Eriksson Ek,C,14,15,22,5,0,1,5,0,140,408,459,36,82,eriksjo02
Brock Faber,D,10,19,23,2,0,1,8,1,124,0,0,115,36,faberbr01
Marcus Foligno,LW,14,15,75,0,0,1,0,0,91,7,12,49,253,foligma01
William Karlsson,C,9,20,4,0,2,4,6,0,119,410,296,37,20,karlswi01
Michael Kesselring,D,7,22,89,1,0,1,2,0,150,0,0,67,87,kessemi01
Victor Olofsson,RW,15,14,16,6,0,4,2,0,109,1,6,19,26,olofsvi01
Jeff Skinner,LW,16,13,26,0,0,1,2,0,144,22,21,23,45,skinnje01
Danton Heinen,C,9,20,31,1,1,0,1,0,81,18,28,37,81,heineda01
Danton Heinen,C,6,12,31,1,0,0,1,0,44,14,19,25,50,heineda01
Danton Heinen,C,3,8,0,0,1,0,0,0,37,4,9,12,31,heineda01
Marcus Pettersson,D,4,25,45,0,0,1,0,1,70,0,0,144,80,pettema01
Marcus Pettersson,D,3,15,25,0,0,1,0,1,43,0,0,83,57,pettema01
Marcus Pettersson,D,1,10,20,0,0,0,0,0,27,0,0,61,23,pettema01
Zach Benson,LW,10,18,60,3,0,0,1,0,120,4,17,29,35,bensoza01
Alexander Kerfoot,C,11,17,14,0,2,1,1,0,100,259,234,67,59,kerfoal01
Peyton Krebs,C,10,18,60,1,1,0,0,0,80,326,339,32,136,krebspe01
Adam Larsson,D,7,21,31,0,0,1,0,0,112,0,0,148,104,larssad01
Andrew Mangiapane,LW,14,14,24,0,1,3,4,0,95,5,7,30,74,mangian01
Dmitry Orlov,D,6,22,24,0,0,2,1,0,117,0,0,60,101,orlovdm01
Ondřej Palát,LW,15,13,12,2,1,3,2,0,96,4,16,58,124,palaton01
Jordan Spence,D,4,24,16,0,0,0,5,0,86,0,0,77,80,spencjo01
Kevin Stenlund,C,14,14,40,0,1,1,0,0,102,624,430,64,50,stenlke01
Gustav Nyquist,RW,11,17,16,2,1,0,1,1,103,11,19,30,44,nyquigu01
Gustav Nyquist,RW,9,12,12,1,1,0,0,0,71,11,13,22,29,nyquigu01
Gustav Nyquist,RW,2,5,4,1,0,0,1,1,32,0,6,8,15,nyquigu01
Michael Amadio,C,11,16,18,1,0,2,0,0,85,49,47,44,108,amadimi01
Josh Anderson,RW,15,12,90,0,1,1,0,0,109,29,20,39,176,anderjo05
Viktor Arvidsson,LW,15,12,24,1,0,2,2,0,158,17,35,23,32,arvidvi01
Nic Dowd,C,14,13,56,0,2,3,0,0,86,596,599,82,128,dowdni01
Adam Henrique,C,12,15,16,2,1,3,4,0,104,562,448,85,58,henriad01
Jack McBain,C,13,14,78,1,0,1,2,0,90,229,231,50,291,mcbaija03
K'Andre Miller,D,7,20,22,0,0,1,2,0,110,0,0,110,107,milleka01
Tanner Pearson,LW,12,15,8,0,1,2,0,0,109,6,18,45,96,pearsta01
Taylor Raddysh,RW,7,20,18,0,0,1,1,0,93,9,20,28,59,raddyta01
Jaccob Slavin,D,6,21,8,0,0,2,0,3,110,0,0,136,21,slavija01
Connor Zary,C,13,14,14,1,0,2,8,0,111,90,151,26,26,zaryco01
Teddy Blueger,C,8,18,39,0,0,0,0,0,94,510,505,43,104,bluegte01
Jordan Eberle,RW,9,17,14,1,0,1,4,0,66,7,11,25,13,eberljo01
Dante Fabbro,D,9,17,40,0,0,3,0,0,89,0,0,143,67,fabbrda01
Dante Fabbro,D,0,0,0,0,0,0,0,0,7,0,0,7,1,fabbrda01
Dante Fabbro,D,9,17,40,0,0,3,0,0,82,0,0,136,66,fabbrda01
Adam Gaudette,C,19,7,12,3,0,4,0,0,90,176,174,28,68,gaudead01
Ryan Hartman,RW,11,15,75,3,0,1,4,0,158,282,308,41,73,hartmry01
Esa Lindell,D,5,21,14,1,0,0,0,0,99,0,0,170,50,lindees01
Frank Nazar,C,12,14,24,1,1,2,3,1,91,170,211,35,30,nazarfr01
Alex Newhook,C,15,11,24,1,0,3,3,0,118,239,319,32,89,newhoal01
Filip Chytil,C,13,13,18,1,0,1,4,0,133,264,300,13,19,chytifi01
Filip Chytil,C,11,9,14,1,0,1,2,0,89,184,219,9,12,chytifi01
Filip Chytil,C,2,4,4,0,0,0,2,0,44,80,81,4,7,chytifi01
Mavrik Bourque,C,11,14,8,1,0,1,2,0,80,161,187,37,46,bourqma01
Ryker Evans,D,5,20,30,1,0,0,2,0,59,0,0,106,123,evansry01
Martin Fehérváry,D,5,20,25,0,0,0,0,2,76,0,0,150,139,feherma01
Miro Heiskanen,D,5,20,10,0,0,0,7,0,108,0,0,85,17,heiskmi01
Nils Höglander,LW,8,17,30,0,0,2,1,0,83,0,1,23,76,hoglani01
Brett Kulak,D,7,18,18,0,0,0,0,0,135,0,0,118,28,kulakbr01
Martin Pospisil,C,4,21,84,1,0,0,3,0,114,71,103,26,301,pospima01
Damon Severson,D,6,19,47,0,0,1,0,0,91,0,0,104,43,severda01
Sam Steel,C,6,19,31,0,1,1,0,2,89,214,186,26,60,steelsa01
Alex Turcotte,C,9,16,20,1,0,2,0,0,79,55,66,30,46,turcoal02
Anthony Beauvillier,LW,15,10,14,0,1,0,1,0,149,11,13,36,139,beauvan01
Anthony Beauvillier,LW,13,7,14,0,1,0,1,0,120,4,7,26,108,beauvan01
Anthony Beauvillier,LW,2,3,0,0,0,0,0,0,29,7,6,10,31,beauvan01
Joel Farabee,LW,11,14,34,0,0,1,4,0,151,18,31,50,94,farabjo01
Joel Farabee,LW,8,11,26,0,0,0,3,0,99,11,25,34,55,farabjo01
Joel Farabee,LW,3,3,8,0,0,1,1,0,52,7,6,16,39,farabjo01
Alexandre Carrier,D,3,22,40,0,0,0,0,1,82,0,0,169,75,carrial01
Alexandre Carrier,D,1,6,12,0,0,0,0,1,23,0,0,49,31,carrial01
Alexandre Carrier,D,2,16,28,0,0,0,0,0,59,0,0,120,44,carrial01
Drew O'Connor,F,10,15,34,1,1,2,1,1,117,48,67,57,83,oconndr01
Drew O'Connor,F,6,10,16,1,1,1,1,0,82,38,54,40,51,oconndr01
Drew O'Connor,F,4,5,18,0,0,1,0,1,35,10,13,17,32,oconndr01
Michael Anderson,D,6,18,28,0,0,0,0,0,84,0,0,124,119,andermi02
Jonatan Berggren,RW,12,12,14,3,0,1,2,0,88,5,12,16,41,berggjo02
Samuel Girard,D,3,21,14,0,0,2,1,0,95,0,0,111,62,girarsa01
Jiri Kulich,C,15,9,18,0,0,3,0,0,134,254,304,36,40,kulicji01
Eetu Luostarinen,C,9,15,28,0,1,3,1,1,87,33,40,60,183,luostee01
Tyler Myers,D,6,18,74,0,1,0,1,1,87,0,0,125,87,myersty01
Vasily Podkolzin,RW,8,16,48,0,0,2,0,0,114,14,43,53,211,podkova01
Matt Roy,D,3,21,25,0,0,0,0,0,84,0,0,113,114,royma04
Philip Tomasino,C,11,13,8,3,0,6,5,0,104,5,12,23,63,tomasph01
Philip Tomasino,C,0,1,0,0,0,0,0,0,17,4,4,3,10,tomasph01
Philip Tomasino,C,11,12,8,3,0,6,5,0,87,1,8,20,53,tomasph01
Cody Ceci,D,4,20,24,0,0,2,0,1,90,0,0,155,76,cecico01
Cody Ceci,D,4,11,14,0,0,2,0,0,60,0,0,100,52,cecico01
Cody Ceci,D,0,9,10,0,0,0,0,1,30,0,0,55,24,cecico01
Jesper Boqvist,C,12,11,14,0,1,3,0,0,87,71,97,27,191,boqvije01
Andrew Copp,C,10,13,8,0,1,2,1,0,68,318,309,35,9,coppan01
Kevin Hayes,RW,13,10,8,4,0,1,3,1,98,237,217,11,52,hayeske01
Joel Kiviranta,F,16,7,20,0,1,2,0,0,84,23,25,38,114,kivirjo01
Charlie McAvoy,D,7,16,46,2,1,2,2,0,98,0,0,81,89,mcavoch01
Jake McCabe,D,2,21,40,0,0,0,0,1,74,0,0,135,118,mccabja01
Ryan Pulock,D,5,18,16,1,0,1,1,2,97,0,0,155,100,pulocry01
Mason Appleton,C,10,12,22,0,0,3,1,0,107,10,12,29,76,applema01
Paul Cotter,C,16,6,62,0,0,2,0,0,90,41,37,32,245,cottepa01
Kirby Dach,C,10,12,40,1,0,2,6,0,84,96,142,36,100,dachki01
Niko Mikkola,D,6,16,70,0,0,0,0,0,116,0,0,88,137,mikkoni01
Thomas Novak,C,13,9,4,1,0,2,4,0,92,94,126,26,6,novakth01
Thomas Novak,C,13,9,4,1,0,2,4,0,88,92,122,21,6,novakth01
Thomas Novak,C,0,0,0,0,0,0,0,0,4,2,4,5,0,novakth01
Lukas Reichel,LW,8,14,12,0,0,1,2,0,72,142,214,29,24,reichlu01
Nicholas Robertson,LW,15,7,16,2,0,3,0,0,112,3,4,33,79,roberni01
Nikita Zadorov,D,4,18,145,0,0,0,0,2,105,0,0,107,219,zadorni01
Justin Brazeau,F,11,11,18,4,0,3,1,0,89,3,10,38,123,brazeju01
Justin Brazeau,F,10,10,16,4,0,2,1,0,78,3,10,26,89,brazeju01
Justin Brazeau,F,1,1,2,0,0,1,0,0,11,0,0,12,34,brazeju01
Ryan Lindgren,D,4,18,40,0,0,0,0,2,63,0,0,128,80,lindgry01
Ryan Lindgren,D,2,17,36,0,0,0,0,2,42,0,0,102,59,lindgry01
Ryan Lindgren,D,2,1,4,0,0,0,0,0,21,0,0,26,21,lindgry01
Brandon Tanev,LW,10,12,16,0,0,0,0,0,99,7,24,105,168,tanevbr01
Brandon Tanev,LW,9,8,10,0,0,0,0,0,85,7,20,91,122,tanevbr01
Brandon Tanev,LW,1,4,6,0,0,0,0,0,14,0,4,14,46,tanevbr01
Brian Dumoulin,D,3,19,14,0,0,1,0,0,69,0,0,109,74,dumoubr01
Brian Dumoulin,D,2,14,10,0,0,0,0,0,57,0,0,91,60,dumoubr01
Brian Dumoulin,D,1,5,4,0,0,1,0,0,12,0,0,18,14,dumoubr01
Lars Eller,C,10,12,36,0,0,0,1,0,104,392,359,35,57,ellerla01
Lars Eller,C,4,3,10,0,0,0,0,0,27,103,81,9,17,ellerla01
Lars Eller,C,6,9,26,0,0,0,1,0,77,289,278,26,40,ellerla01
Cody Glass,C,6,16,16,1,0,1,1,0,91,242,231,38,53,glassco01
Cody Glass,C,4,11,12,1,0,1,1,0,78,178,160,31,43,glassco01
Cody Glass,C,2,5,4,0,0,0,0,0,13,64,71,7,10,glassco01
Erik Černák,D,3,18,50,0,0,0,0,2,64,0,0,99,157,cernaer01
Justin Danforth,RW,9,12,18,0,1,1,1,0,94,327,334,49,126,danfoju01
Brandon Duhaime,RW,9,12,98,0,0,1,0,1,83,18,25,65,165,duhaibr01
Garnet Hathaway,RW,10,11,58,0,2,1,0,0,80,7,12,61,257,hathaga01
Erik Haula,LW,11,10,39,2,0,1,3,0,110,378,341,35,101,haulaer01
Nick Jensen,D,3,18,6,0,0,0,0,0,77,0,0,95,55,jenseni02
Jacob Middleton,D,8,13,40,0,0,0,0,0,97,0,0,157,99,middlja01
Logan O'Connor,RW,10,11,26,0,0,1,0,1,89,27,43,50,68,oconnlo01
Adam Pelech,D,0,21,32,0,0,0,1,0,109,0,0,87,73,pelecad01
Michael Rasmussen,C,11,10,24,2,0,1,2,0,99,91,105,59,141,rasmumi01
Braden Schneider,D,6,15,18,0,1,1,0,1,95,0,0,145,146,schnebr01
Tyler Seguin,C,9,12,4,3,0,2,0,0,46,92,82,6,5,seguity01
Colton Sissons,C,7,14,22,0,0,0,1,0,80,342,282,67,100,sissoco01
Trevor van Riemsdyk,D,1,20,34,0,0,0,0,0,80,0,0,151,10,vanritr01
Kevin Bahl,D,3,17,35,1,0,0,0,0,82,0,0,116,109,bahlke01
Mathew Barzal,C,6,14,4,1,0,1,3,0,78,22,30,24,24,barzama01
Jonas Brodin,D,4,16,18,0,0,1,0,1,71,0,0,104,27,brodijo01
Sam Carrick,C,6,14,58,0,1,2,0,2,84,375,317,42,137,carrisa01
Jamie Drysdale,D,7,13,22,2,0,1,5,0,63,0,0,102,18,drysdja01
Joel Edmundson,D,6,14,22,0,0,1,1,0,91,0,0,108,100,edmunjo01
Gage Goncalves,C,8,12,14,1,0,1,1,0,61,3,3,20,71,goncaga01
Blake Lizotte,C,11,9,26,1,1,1,0,0,51,177,169,29,60,lizotbl01
Brayden McNabb,D,5,15,32,0,1,0,0,1,97,0,0,167,131,mcnabbr01
Alexander Romanov,D,4,16,20,0,0,0,0,1,100,0,0,165,147,romanal01
Dylan Samberg,D,6,14,26,0,0,2,1,0,95,0,0,120,56,sambedy01
Nick Seeler,D,3,17,36,0,0,1,0,0,82,0,0,200,125,seeleni01
Oskar Sundqvist,C,6,14,32,4,0,0,3,0,60,260,312,53,78,sundqos01
Olen Zellweger,D,7,13,20,1,0,0,4,0,130,0,0,72,37,zellwol01
Nikolai Kovalenko,RW,7,13,16,3,0,0,1,0,45,2,7,24,84,kovalni01
Nikolai Kovalenko,RW,4,4,10,2,0,0,0,0,27,0,5,13,34,kovalni01
Nikolai Kovalenko,RW,3,9,6,1,0,0,1,0,18,2,2,11,50,kovalni01
Nick Bjugstad,C,8,11,16,1,0,0,0,0,115,207,230,29,104,bjugsni01
Jonny Brodzinski,C,12,7,4,0,0,2,0,0,73,81,89,19,27,brodzjo01
Michael Carcone,F,7,12,36,0,0,0,2,0,75,5,5,11,48,carcomi01
Tony DeAngelo,D,4,15,10,0,0,1,4,0,76,0,0,42,17,deangan01
Dylan DeMelo,D,3,16,38,0,0,2,0,0,75,0,0,112,137,demeldy01
Josh Doan,RW,7,12,8,3,0,1,1,0,88,35,50,14,45,doanjo01
Pontus Holmberg,RW,7,12,27,0,1,0,1,0,68,139,146,53,46,holmbpo01
Boone Jenner,C,7,12,4,2,1,1,1,0,70,105,100,18,43,jennebo01
Parker Kelly,F,8,11,29,0,1,2,0,1,99,302,400,72,161,kellypa01
Steven Lorentz,C,8,11,9,0,1,5,0,0,76,12,21,55,199,lorenst01
Pat Maroon,LW,5,14,97,1,0,1,0,0,73,36,42,9,102,maroopa01
Emil Martinsen Lilleberg,D,1,18,105,0,0,1,0,1,46,0,0,61,114,martiem01
Pavel Mintyukov,D,5,14,20,0,0,0,3,0,69,0,0,92,81,mintypa01
Connor Murphy,D,2,17,52,0,0,0,0,1,84,0,0,160,117,murphco02
Nicklaus Perbix,D,6,13,20,0,0,1,0,0,66,0,0,67,50,perbini01
Rasmus Ristolainen,D,4,15,14,0,0,2,3,0,100,0,0,94,97,ristora01
Nate Schmidt,D,5,14,30,0,0,0,4,0,70,0,0,71,82,schmina01
Jakob Pelletier,LW,7,12,10,0,0,1,0,0,54,13,19,19,47,pelleja01
Jakob Pelletier,LW,4,7,6,0,0,1,0,0,30,5,9,14,23,pelleja01
Jakob Pelletier,LW,3,5,4,0,0,0,0,0,24,8,10,5,24,pelleja01
Uvis Balinskis,D,4,14,27,0,0,0,4,0,92,0,2,55,83,balinuv01
Mitchell Chaffee,F,12,6,21,4,0,2,0,0,68,4,7,21,133,chaffmi01
Jalen Chatfield,D,7,11,54,0,0,2,0,1,114,0,0,64,64,chatfja01
Lawson Crouse,LW,12,6,39,1,0,2,0,0,126,19,22,46,193,crousla01
Kaiden Guhle,D,6,12,47,0,0,1,0,1,71,0,0,124,104,guhleka01
Erik Gustafsson,D,2,16,20,1,0,0,8,0,67,0,0,44,28,gustaer02
Emil Heineman,LW,10,8,20,3,0,0,2,0,64,1,6,24,173,heineem01
Mattias Janmark,C,2,16,22,0,0,0,0,3,51,97,142,35,45,janmama02
Luke Kunin,C,11,7,55,0,0,0,0,0,112,186,213,77,187,kuninlu01
Luke Kunin,C,11,7,46,0,0,0,0,0,95,181,202,64,163,kuninlu01
Luke Kunin,C,0,0,9,0,0,0,0,0,17,5,11,13,24,kuninlu01
Olli Määttä,D,2,16,16,0,0,0,0,0,73,0,0,124,25,maattol01
Olli Määttä,D,0,0,0,0,0,0,0,0,3,0,0,7,3,maattol01
Olli Määttä,D,2,16,16,0,0,0,0,0,70,0,0,117,22,maattol01
Matias Maccelli,LW,8,10,8,0,0,0,3,0,86,6,6,10,6,maccema01
Chris Tanev,D,3,15,24,0,0,0,0,1,43,0,0,189,20,tanevch01
Alexey Toropchenko,RW,4,14,25,0,0,1,0,0,90,4,5,53,223,toropal01
Craig Smith,C,9,9,34,2,0,1,0,0,90,8,15,31,56,smithcr01
Craig Smith,C,9,7,28,2,0,1,0,0,74,7,13,20,30,smithcr01
Craig Smith,C,0,2,6,0,0,0,0,0,16,1,2,11,26,smithcr01
Jack Drury,C,8,10,22,1,0,2,1,0,93,431,315,50,45,druryja01
Jack Drury,C,3,6,12,0,0,1,1,0,60,238,167,24,17,druryja01
Jack Drury,C,5,4,10,1,0,1,0,0,33,193,148,26,28,druryja01
Zach Aston-Reese,C,6,11,27,0,0,1,0,0,101,2,7,58,179,astonza01
Colin Blackwell,C,6,11,16,0,2,0,1,1,63,151,157,23,84,blackco01
Casey Cizikas,C,7,10,51,0,1,1,1,0,97,337,274,66,202,cizikca01
Ian Cole,D,1,16,77,0,0,0,0,1,66,0,0,211,106,coleia01
Drew Doughty,D,4,13,20,0,1,1,6,0,46,0,0,45,26,doughdr01
Mario Ferraro,D,5,12,53,0,0,1,0,1,79,0,0,125,150,ferrama01
A.J. Greer,LW,6,11,130,0,1,3,0,0,86,16,31,30,222,greeraj01
Cole Koepke,LW,10,7,17,0,0,2,0,0,85,0,2,26,177,koepkco01
Johnathan Kovacevic,D,1,16,72,0,0,1,0,0,76,0,0,99,102,kovacjo01
Sean Kuraly,C,6,11,40,0,0,0,0,0,88,316,266,45,163,kuralse01
Brett Leason,RW,5,12,22,1,0,0,1,0,79,23,58,44,64,leasobr01
Timothy Liljegren,D,6,11,38,2,0,0,2,0,102,0,0,111,64,liljeti01
Timothy Liljegren,D,0,0,2,0,0,0,0,0,0,0,0,2,0,liljeti01
Timothy Liljegren,D,6,11,36,2,0,0,2,0,102,0,0,109,64,liljeti01
Jamie Oleksiak,D,4,13,34,0,0,1,0,0,66,0,0,159,74,oleksja01
Andrew Peeke,D,1,16,15,0,1,0,0,1,80,0,0,126,105,peekean01
Brett Pesce,D,3,14,29,0,1,0,0,0,99,0,0,138,24,pescebr01
Fedor Svechkov,C,8,9,14,2,0,2,3,0,64,123,212,24,32,svechfe01
Tomáš Tatar,LW,7,10,20,1,0,0,2,0,66,10,9,19,56,tatarto01
Cameron York,D,4,13,26,0,0,1,0,0,65,0,0,126,60,yorkca01
Joe Veleno,C,8,9,17,0,0,0,0,0,75,201,228,44,139,velenjo01
Joe Veleno,C,5,5,13,0,0,0,0,0,50,136,152,32,93,velenjo01
Joe Veleno,C,3,4,4,0,0,0,0,0,25,65,76,12,46,velenjo01
Mark Jankowski,C,12,5,33,0,0,1,0,0,66,219,214,34,27,jankoma01
Mark Jankowski,C,4,5,15,0,0,0,0,0,45,113,110,20,23,jankoma01
Mark Jankowski,C,8,0,18,0,0,1,0,0,21,106,104,14,4,jankoma01
Oskar Back,C,4,12,8,0,0,0,0,1,44,90,83,35,28,backos01
Nick Blankenburg,D,4,12,24,1,0,2,5,0,84,0,0,74,53,blankni01
Zach Bogosian,D,4,12,43,0,0,0,0,0,79,0,0,80,81,bogosza01
Connor Clifton,D,1,15,45,0,0,0,0,3,63,0,0,116,208,cliftco01
Jason Dickinson,C,7,9,38,0,0,0,0,0,56,453,463,53,102,dickija01
Brenden Dillon,D,2,14,67,0,0,0,0,1,48,0,0,108,191,dillobr01
Robby Fabbri,C,8,8,20,0,0,0,0,0,65,71,85,29,58,fabbrro01
Radko Gudas,D,1,15,86,0,0,0,0,0,89,0,0,178,261,gudasra01
David Perron,LW,9,7,12,4,0,2,2,0,71,6,13,9,72,perroda01
Nathan Walker,C,8,8,63,0,0,0,0,1,72,82,74,61,281,walkena01
Sean Walker,D,5,11,46,0,0,0,0,0,145,0,0,90,91,walkese01
Urho Vaakanainen,D,2,14,18,0,0,0,0,0,42,0,0,49,19,vaakaur01
Urho Vaakanainen,D,0,1,2,0,0,0,0,0,3,0,0,7,0,vaakaur01
Urho Vaakanainen,D,2,13,16,0,0,0,0,0,39,0,0,42,19,vaakaur01
Michael Eyssimont,C,9,7,63,0,0,2,0,0,142,6,12,23,110,eyssimi01
Michael Eyssimont,C,5,5,44,0,0,1,0,0,98,1,7,19,82,eyssimi01
Michael Eyssimont,C,4,2,19,0,0,1,0,0,44,5,5,4,28,eyssimi01
Juuso Pärssinen,C,6,10,19,0,0,0,1,0,30,92,104,29,86,parssju01
Juuso Pärssinen,C,2,3,0,0,0,0,1,0,11,36,41,9,28,parssju01
Juuso Pärssinen,C,2,4,8,0,0,0,0,0,15,29,23,6,41,parssju01
Juuso Pärssinen,C,2,3,11,0,0,0,0,0,4,27,40,14,17,parssju01
Morgan Barron,C,8,7,16,0,2,0,0,0,92,85,78,38,122,barromo01
Yegor Chinakhov,RW,7,8,4,2,0,1,3,0,68,0,0,10,47,chinaye01
Nick Cousins,C,6,9,41,0,0,0,0,0,68,1,6,26,85,cousini01
Pierre Engvall,LW,8,7,16,0,0,2,0,0,93,10,24,12,47,engvapi01
Radek Faksa,C,5,10,30,0,0,1,0,0,68,432,326,50,115,faksara01
Trent Frederic,C,8,7,44,1,0,0,2,0,78,93,120,29,157,fredetr01
Trent Frederic,C,8,7,44,1,0,0,2,0,76,93,119,29,155,fredetr01
Trent Frederic,C,0,0,0,0,0,0,0,0,2,0,1,0,2,fredetr01
Zachary L'Heureux,LW,5,10,63,0,0,0,1,0,78,0,4,25,198,lheurza01
Isac Lundeström,C,4,11,10,0,0,1,1,0,60,442,494,68,48,lundeis01
Sam Malinski,D,5,10,16,0,0,0,1,0,115,0,0,107,57,malinsa01
Josh Manson,D,1,14,28,0,0,0,1,1,65,0,0,59,105,mansojo01
Colin Miller,D,4,11,38,1,0,0,1,0,68,0,0,50,84,milleco02
David Savard,D,1,14,36,0,0,0,0,0,48,0,0,180,56,savarda01
Ryan Suter,D,2,13,24,0,1,0,0,0,62,0,0,109,39,suterry01
Yakov Trenin,C,7,8,54,0,2,2,0,0,85,21,27,32,241,treniya01
Egor Zamula,D,3,12,6,0,0,1,0,0,37,0,0,91,24,zamulye01
William Borgen,D,5,10,42,0,1,0,0,0,81,0,0,117,122,borgewi01
William Borgen,D,1,1,9,0,0,0,0,0,24,0,0,37,48,borgewi01
William Borgen,D,4,9,33,0,1,0,0,0,57,0,0,80,74,borgewi01
Conor Timmins,D,3,12,30,0,0,0,0,0,69,0,0,90,55,timmico01
Conor Timmins,D,2,6,24,0,0,0,0,0,51,0,0,77,40,timmico01
Conor Timmins,D,1,6,6,0,0,0,0,0,18,0,0,13,15,timmico01
Conor Geekie,C,8,6,16,1,0,3,1,0,60,73,99,25,97,geekico01
Mathieu Joseph,RW,4,10,28,0,1,0,0,0,69,33,31,36,121,josepma01
Dakota Joshua,C,7,7,38,1,1,0,1,0,52,23,19,29,193,joshuda01
Mark Kastelic,C,5,9,106,0,0,0,0,0,67,199,167,39,218,kastema01
Philipp Kurashev,C,7,7,14,1,0,1,0,0,54,97,109,16,30,kurasph01
Ilya Lyubushkin,D,1,13,32,0,0,0,0,0,51,0,0,136,84,lyubuil01
John Marino,D,1,13,2,0,0,0,0,0,29,0,0,46,9,marinjo01
Michael McCarron,RW,5,9,102,0,0,1,0,0,80,502,421,61,149,mccarmi01
J.J. Moser,D,2,12,22,0,1,0,1,0,48,0,0,70,34,moserja01
Mattias Samuelsson,D,4,10,22,0,0,1,1,0,52,0,0,93,105,samuema02
Logan Stanley,D,1,13,78,0,0,0,0,0,49,0,0,76,88,stanllo01
Kasperi Kapanen,RW,6,8,16,0,0,2,0,0,66,39,55,14,88,kapanka01
Kasperi Kapanen,RW,1,0,2,0,0,1,0,0,11,0,3,1,15,kapanka01
Kasperi Kapanen,RW,5,8,14,0,0,1,0,0,55,39,52,13,73,kapanka01
Nico Sturm,C,7,7,20,0,1,1,0,0,59,248,174,34,107,sturmni01
Nico Sturm,C,7,6,13,0,1,1,0,0,38,175,104,25,70,sturmni01
Nico Sturm,C,0,1,7,0,0,0,0,0,21,73,70,9,37,sturmni01
Jakub Vrána,LW,9,5,10,4,0,4,0,0,47,7,13,8,19,vranaja01
Jakub Vrána,LW,7,4,6,3,0,3,0,0,28,4,10,5,13,vranaja01
Jakub Vrána,LW,2,1,4,1,0,1,0,0,19,3,3,3,6,vranaja01
Adam Boqvist,D,4,10,10,1,0,0,5,0,40,0,0,19,13,boqviad01
Adam Boqvist,D,2,4,6,0,0,0,3,0,21,0,0,10,6,boqviad01
Adam Boqvist,D,2,6,4,1,0,0,2,0,19,0,0,9,7,boqviad01
Jacob Trouba,D,1,13,66,0,0,0,0,0,111,0,0,208,164,troubja01
Jacob Trouba,D,0,6,22,0,0,0,0,0,46,0,0,68,39,troubja01
Jacob Trouba,D,1,7,44,0,0,0,0,0,65,0,0,140,125,troubja01
Ben Chiarot,D,4,9,69,0,0,0,1,0,109,0,0,142,127,chiarbe01
Ty Emberson,D,2,11,18,0,0,1,0,1,62,0,0,97,125,emberty01
Drew Helleson,D,4,9,47,0,0,1,0,1,63,0,0,73,99,helledr01
Tanner Jeannot,F,7,6,89,0,0,1,0,0,56,8,10,37,211,jeannta01
David Kämpf,C,5,8,14,0,1,0,0,1,45,278,265,26,50,kampfda01
Tye Kartye,F,6,7,43,0,1,0,0,0,56,3,12,29,175,kartyty01
Dmitry Kulikov,D,4,9,38,0,0,0,1,0,64,0,0,71,114,kulikdm01
Ryan Lomberg,LW,3,10,57,0,0,0,0,0,66,5,11,19,120,lombery01
Denton Mateychuk,D,4,9,20,0,0,0,0,0,44,0,0,63,26,mateyde01
Max Pacioretty,LW,5,8,16,0,0,1,0,0,70,6,5,14,105,pacioma01
Jayden Struble,D,2,11,52,0,0,0,0,0,47,0,0,54,124,strubja01
Zach Whitecloud,D,4,9,37,0,0,0,0,0,72,0,0,103,117,whiteza01
Artem Zub,D,2,11,34,0,0,1,1,2,57,0,0,118,58,zubar01
Justin Barron,D,6,7,23,0,0,0,1,0,73,0,0,83,80,barroju01
Justin Barron,D,1,0,8,0,0,0,0,0,16,0,0,20,17,barroju01
Justin Barron,D,5,7,15,0,0,0,1,0,57,0,0,63,63,barroju01
Carson Soucy,D,4,9,46,0,0,2,0,0,81,0,0,106,115,soucyca01
Carson Soucy,D,3,7,42,0,0,2,0,0,62,0,0,92,86,soucyca01
Carson Soucy,D,1,2,4,0,0,0,0,0,19,0,0,14,29,soucyca01
Noel Acciari,C,5,7,16,0,0,0,0,1,75,321,277,100,180,acciano01
Declan Chisholm,D,2,10,10,1,0,1,1,0,69,0,0,69,33,chishde01
Sam Colangelo,RW,10,2,2,2,0,1,0,0,41,4,11,17,67,colansa01
Nicolas Hague,D,5,7,40,0,0,1,0,0,74,0,0,74,82,hagueni01
Alexander Holtz,RW,4,8,10,1,0,0,1,0,69,3,10,15,39,holtzal01
Kevin Labanc,RW,2,10,12,0,0,0,0,0,35,0,3,14,29,labanke01
Trevor Lewis,C,6,6,20,0,0,1,0,0,53,92,106,35,100,lewistr01
Alec Martinez,D,5,7,8,0,0,0,2,0,38,0,0,81,24,martial01
Brayden Pachal,D,3,9,88,0,0,0,0,1,61,0,0,83,159,pachabr01
Cole Smith,F,4,8,69,0,0,0,0,1,69,9,8,29,163,smithco02
Henry Thrun,D,2,10,30,0,0,0,0,0,52,0,0,66,43,thrunhe01
Brandon Carlo,D,1,11,37,0,0,0,0,0,77,0,0,157,90,carlobr01
Brandon Carlo,D,1,8,24,0,0,0,0,0,64,0,0,119,64,carlobr01
Brandon Carlo,D,0,3,13,0,0,0,0,0,13,0,0,38,26,carlobr01
Marat Khusnutdinov,C,5,7,20,0,0,0,1,1,41,189,244,47,55,khusnma01
Marat Khusnutdinov,C,2,5,14,0,0,0,0,1,30,184,240,38,37,khusnma01
Marat Khusnutdinov,C,3,2,6,0,0,0,1,0,11,5,4,9,18,khusnma01
John Beecher,C,3,8,26,0,0,0,0,0,44,281,261,71,85,beechjo01
William Carrier,LW,4,7,16,0,0,1,0,0,48,6,6,12,156,carriwi01
Anthony Duclair,LW,7,4,10,3,0,0,0,0,60,0,1,21,26,duclaan01
Sean Durzi,D,4,7,19,1,0,0,1,0,39,0,0,52,15,durzise01
Derek Forbort,D,2,9,45,0,0,1,1,0,39,0,0,77,65,forbode01
Collin Graf,F,5,6,8,1,1,1,3,0,40,4,8,15,20,grafco01
Zachary Jones,D,1,10,24,0,0,0,1,0,51,0,0,46,28,jonesza01
Kyle MacLean,F,4,7,14,0,0,0,0,0,61,273,293,29,108,macleky01
Matthew Poitras,C,1,10,8,0,0,1,0,0,29,59,70,10,12,poitrma01
Aatu Räty,C,7,4,14,0,0,0,1,0,34,192,141,7,80,ratyaa01
Elmer Söderblom,RW,4,7,6,0,0,1,0,0,38,4,11,12,43,soderel01
Alexandre Texier,C,6,5,10,1,0,1,1,0,50,0,2,11,20,texieal01
Jakub Lauko,C,5,6,47,0,1,2,0,0,42,1,9,39,119,laukoja01
Jakub Lauko,C,3,3,27,0,1,1,0,0,29,1,6,22,69,laukoja01
Jakub Lauko,C,2,3,20,0,0,1,0,0,13,0,3,17,50,laukoja01
Nathan Bastian,RW,4,6,31,1,1,1,0,0,44,8,17,27,138,bastina01
Simon Benoit,D,1,9,59,0,0,0,0,1,48,0,0,111,204,benoisi01
Brett Berard,LW,6,4,8,0,0,1,0,0,59,3,4,20,53,berarbr02
T.J. Brodie,D,2,8,18,0,0,0,0,0,23,0,0,58,16,broditj01
Dennis Cholowski,D,3,7,10,0,0,0,2,0,30,0,0,33,5,cholode01
Dennis Cholowski,D,3,7,10,0,0,0,2,0,26,0,0,30,5,cholode01
Dennis Cholowski,D,0,0,0,0,0,0,0,0,4,0,0,3,0,cholode01
Mathew Dumba,D,1,9,60,0,0,0,1,0,57,0,0,60,70,dumbama01
Adam Klapka,F,6,4,29,0,0,0,0,0,44,6,11,25,108,klapkad01
Tyler Kleven,D,4,6,27,0,0,1,1,0,78,0,0,97,105,klevety01
Kaedan Korczak,D,0,10,2,0,0,0,0,0,34,0,0,40,59,korczka01
Beck Malenstyn,LW,4,6,29,0,0,0,0,0,67,19,15,63,191,malenbe01
Kevin Rooney,C,5,5,14,0,0,0,0,1,54,195,218,39,109,rooneke01
Jack Thompson,D,4,6,10,0,0,0,3,0,41,0,0,54,12,thompja01
Jesse Puljujärvi,RW,4,6,25,0,0,0,1,0,50,0,1,9,80,puljuje01
Jesse Puljujärvi,RW,3,6,10,0,0,0,1,0,38,0,1,7,45,puljuje01
Jesse Puljujärvi,RW,1,0,15,0,0,0,0,0,12,0,0,2,35,puljuje01
Vinnie Hinostroza,C,5,5,10,3,0,1,0,0,48,7,10,12,41,hinosvi01
Vinnie Hinostroza,C,0,2,6,0,0,0,0,0,11,1,1,5,13,hinosvi01
Vinnie Hinostroza,C,5,3,4,3,0,1,0,0,37,6,9,7,28,hinosvi01
Connor Dewar,C,4,6,14,0,0,0,0,1,55,53,71,37,129,dewarco01
Connor Dewar,C,0,3,5,0,0,0,0,1,28,52,69,18,80,dewarco01
Connor Dewar,C,4,3,9,0,0,0,0,0,27,1,2,19,49,dewarco01
Henri Jokiharju,D,3,7,14,0,0,2,0,0,59,0,0,53,50,jokihhe01
Henri Jokiharju,D,3,3,12,0,0,2,0,0,44,0,0,31,35,jokihhe01
Henri Jokiharju,D,0,4,2,0,0,0,0,0,15,0,0,22,15,jokihhe01
Jordan Oesterle,D,4,6,4,0,0,0,0,0,38,0,0,57,27,oestejo01
Jordan Oesterle,D,1,5,2,0,0,0,0,0,20,0,0,37,20,oestejo01
Jordan Oesterle,D,3,1,2,0,0,0,0,0,18,0,0,20,7,oestejo01
Cam Atkinson,RW,4,5,11,1,0,0,0,0,47,1,2,10,15,atkinca01
Lian Bichsel,D,4,5,41,0,0,1,0,0,39,0,0,23,155,bichsli01
Marc Del Gaizo,D,2,7,21,0,0,0,0,0,76,0,0,53,71,delgama01
Adam Edstrom,C,5,4,27,0,0,2,0,0,40,0,4,34,94,edstrad01
Marc Gatcomb,F,8,1,11,0,0,1,0,0,41,5,7,23,149,gatcoma01
Carl Grundström,RW,3,6,24,0,0,0,0,0,88,3,4,18,172,grundca01
Joel Hanley,D,2,7,21,0,0,1,0,0,42,0,0,90,55,hanlejo01
Albert Johansson,D,3,6,30,0,0,2,0,0,48,0,0,83,70,johanal01
Tyson Jost,C,4,5,33,0,0,0,0,0,44,57,69,17,46,jostty01
Josh Mahura,D,0,9,20,0,0,0,0,0,58,0,0,54,89,mahurjo01
Scott Mayfield,D,3,6,27,0,1,0,0,0,51,0,0,105,89,mayfisc01
Daniil Miromanov,D,2,7,12,0,0,1,0,0,52,0,0,55,19,miromda01
Tyler Motte,C,4,5,6,0,0,0,0,0,66,60,85,48,72,mottety01
Shakir Mukhamadullin,D,2,7,8,0,0,0,2,0,30,0,0,51,25,mukhash01
Tomáš Nosek,C,1,8,10,1,0,0,0,1,47,236,220,24,83,nosekto01
Jan Rutta,D,3,6,28,0,0,0,0,0,55,0,0,81,40,ruttaja02
Jonas Siegenthaler,D,2,7,44,0,0,0,0,0,52,0,0,92,75,siegejo01
Scott Perunovich,D,2,7,10,0,0,0,0,0,18,0,0,37,15,perunsc01
Scott Perunovich,D,2,4,6,0,0,0,0,0,9,0,0,21,9,perunsc01
Scott Perunovich,D,0,3,4,0,0,0,0,0,9,0,0,16,6,perunsc01
Nolan Allan,D,1,7,16,0,0,0,0,0,17,0,0,48,61,allanno01
Erik Brännström,D,3,5,17,0,0,1,1,0,33,0,0,39,14,branner01
Seamus Casey,D,4,4,0,2,0,1,1,0,12,0,0,7,10,caseyse01
Jake Christiansen,D,1,7,11,0,0,0,0,0,58,0,0,65,50,chrisja01
Luca Del Bel Belluz,C,2,6,0,0,0,0,1,0,18,65,86,12,4,delbelu01
Ty Dellandrea,C,1,7,59,0,0,0,0,1,50,209,210,47,163,dellaty01
Barclay Goodrow,RW,5,3,75,0,1,0,0,0,73,108,144,60,150,goodrba01
Jordan Greenway,LW,3,5,45,0,0,0,0,0,36,7,27,29,100,greenjo02
Justin Holl,D,2,6,16,0,0,0,0,0,41,0,0,78,35,hollju01
Ivan Ivan,F,5,3,8,2,0,0,1,0,34,56,81,9,12,ivaniv01
Wyatt Kaiser,D,4,4,14,0,0,0,0,0,66,0,0,93,54,kaisewy01
Justin Kirkland,LW,2,6,11,0,0,0,0,0,9,54,72,16,45,kirklju01
Rasmus Kupari,C,5,3,16,0,0,1,0,0,53,262,237,31,77,kuparra01
Hendrix Lapierre,C,0,8,4,0,0,0,0,0,18,40,61,14,12,lapiehe01
Brock McGinn,LW,4,4,0,0,0,0,0,0,30,1,7,28,61,mcginbr01
Jacob Moverare,D,1,7,10,0,0,0,0,0,30,0,0,60,31,moverja01
Jeff Petry,D,1,7,16,0,0,1,1,0,33,0,0,77,51,petryje01
Matt Rempe,C,3,5,67,0,0,0,0,0,30,2,11,14,117,rempema01
Cole Schwindt,RW,1,7,0,0,0,0,0,0,32,110,108,17,41,schwico01
Miles Wood,LW,4,4,48,0,0,1,0,0,60,3,8,15,48,woodmi01
Calvin de Haan,D,0,8,12,0,0,0,0,0,51,0,0,63,71,dehaaca01
Calvin de Haan,D,0,7,10,0,0,0,0,0,48,0,0,58,59,dehaaca01
Calvin de Haan,D,0,1,2,0,0,0,0,0,3,0,0,5,12,dehaaca01
Jimmy Vesey,LW,5,3,0,0,0,0,0,0,36,3,12,12,32,veseyji02
Jimmy Vesey,LW,4,2,0,0,0,0,0,0,30,3,8,10,19,veseyji02
Jimmy Vesey,LW,1,1,0,0,0,0,0,0,6,0,4,2,13,veseyji02
Victor Mancini,D,2,6,10,1,0,0,0,0,27,0,0,41,38,mancivi01
Victor Mancini,D,1,4,2,0,0,0,0,0,20,0,0,20,14,mancivi01
Victor Mancini,D,1,2,8,1,0,0,0,0,7,0,0,21,24,mancivi01
Jacob Bernard-Docker,D,2,6,17,0,0,0,0,0,32,0,0,50,30,bernaja01
Jacob Bernard-Docker,D,1,3,4,0,0,0,0,0,18,0,0,25,21,bernaja01
Jacob Bernard-Docker,D,1,3,13,0,0,0,0,0,14,0,0,25,9,bernaja01
Emil Andrae,D,1,6,16,0,0,0,3,0,52,0,0,50,46,andraem01
Jake Bean,D,2,5,8,0,0,0,0,0,71,0,0,43,22,beanja01
Jacob Bryson,D,0,7,10,0,0,0,0,0,20,0,0,51,15,brysoja01
Colton Dach,C,2,5,17,0,0,0,0,0,27,6,6,12,86,dachco01
Justin Dowling,C,2,5,6,0,0,0,0,0,34,158,169,22,51,dowliju01
Christian Fischer,RW,1,6,11,0,0,0,0,0,31,9,7,19,93,fischch01
Christian Fischer,RW,1,6,11,0,0,0,0,0,31,9,7,19,89,fischch01
Christian Fischer,RW,0,0,0,0,0,0,0,0,0,0,0,0,4,fischch01
Haydn Fleury,D,0,7,6,0,0,0,0,0,38,0,0,56,48,fleurha01
Ethen Frank,F,4,3,6,0,0,1,1,0,23,0,1,16,11,franket01
Luke Glendening,C,4,3,10,0,1,0,0,1,51,502,379,58,105,glendlu01
Travis Hamonic,D,1,6,19,0,0,0,0,0,72,0,0,92,73,hamontr01
Samuel Helenius,C,4,3,25,0,0,1,0,0,29,130,148,16,150,helensa02
Calle Järnkrok,C,1,6,4,1,0,0,0,0,9,2,7,9,15,jarnkca01
Ville Koivunen,RW,0,7,4,0,0,0,3,0,15,1,0,8,1,koivuvi01
Klim Kostin,C,1,6,27,0,0,0,1,0,28,4,9,17,111,kostikl01
Sam Lafferty,C,4,3,28,0,0,0,0,0,50,79,77,16,89,laffesa01
Hampus Lindholm,D,3,4,4,0,0,1,1,0,35,0,0,17,5,lindhha01
Anthony Mantha,RW,4,3,11,1,1,1,0,0,15,3,6,8,16,manthan01
Mikael Pyyhtia,LW,4,3,6,0,1,0,0,0,32,2,1,39,25,pyyhtmi01
Max Sasson,F,3,4,0,0,0,0,0,0,31,47,63,13,18,sassoma01
Troy Stecher,D,3,4,27,0,0,0,0,0,55,0,0,66,35,stechtr01
Tyler Tucker,D,3,4,55,0,0,0,0,1,33,0,0,39,81,tuckety01
Parker Wotherspoon,D,1,6,10,0,0,0,0,0,44,0,0,66,75,wothepa01
Noah Gregor,C,4,3,28,0,1,2,0,0,60,4,3,33,94,gregono01
Noah Gregor,C,4,2,17,0,1,2,0,0,46,3,3,25,76,gregono01
Noah Gregor,C,0,1,11,0,0,0,0,0,14,1,0,8,18,gregono01
Vladislav Kolyachonok,D,2,5,10,0,0,1,0,0,20,0,0,31,27,kolyavl01
Vladislav Kolyachonok,D,2,3,2,0,0,1,0,0,12,0,0,19,14,kolyavl01
Vladislav Kolyachonok,D,0,2,8,0,0,0,0,0,8,0,0,12,13,kolyavl01
Luke Schenn,D,1,6,45,0,0,0,0,0,77,0,0,104,300,schenlu01
Luke Schenn,D,1,4,41,0,0,0,0,0,66,0,0,76,228,schenlu01
Luke Schenn,D,0,2,4,0,0,0,0,0,11,0,0,28,72,schenlu01
Daniel Sprong,RW,2,5,2,1,0,1,1,0,55,0,4,4,32,spronda01
Daniel Sprong,RW,1,2,2,1,0,0,0,0,19,0,2,0,5,spronda01
Daniel Sprong,RW,1,1,0,0,0,1,0,0,12,0,1,0,6,spronda01
Daniel Sprong,RW,0,2,0,0,0,0,1,0,24,0,1,4,21,spronda01
Nils Åman,C,1,5,2,0,0,0,0,0,8,28,46,2,22,amanni01
Ethan Del Mastro,D,2,4,6,0,0,0,0,0,19,0,0,21,40,delmaet01
Nick DeSimone,D,1,5,0,0,0,0,0,0,24,0,0,14,14,desimni01
Phillip Di Giuseppe,LW,1,5,4,0,0,0,0,0,23,1,4,6,54,digiuph01
Zemgus Girgensons,C,2,4,47,0,0,1,0,0,83,61,68,50,174,girgeze01
David Gustafsson,C,2,4,7,0,0,0,0,0,30,99,99,18,19,gustada01
Jansen Harkins,C,2,4,21,0,0,1,0,0,49,117,102,41,136,harkija01
Matthew Highmore,LW,2,4,10,0,0,1,0,0,33,5,14,19,50,highmma01
Jack Johnson,D,0,6,2,0,0,0,0,0,23,0,0,35,21,johnsja02
Linus Karlsson,C,3,3,6,1,0,1,1,0,28,1,4,8,27,karlsli01
Jonathan Lekkerimaki,RW,3,3,2,0,0,0,2,0,30,0,1,6,16,lekkejo01
Artyom Levshunov,D,0,6,8,0,0,0,2,0,21,0,0,20,19,levshar01
Jonathon Merrill,D,2,4,20,0,0,0,0,0,47,0,0,85,41,merrijo01
Scott Morrow,D,1,5,0,0,0,0,0,0,23,0,0,16,3,morrosc02
Nikita Nesterenko,C,4,2,2,0,0,0,0,0,20,0,3,7,46,nesteni02
Jani Nyman,RW,3,3,4,2,0,0,1,0,22,1,0,7,13,nymanja01
Anthony Richard,C,2,4,0,0,0,0,1,0,19,0,2,8,8,richaan01
Derek Ryan,C,1,5,12,0,0,0,0,0,20,151,99,21,25,ryande01
Landon Slaggert,LW,2,4,23,0,0,1,0,0,34,0,1,13,25,slaggla01
Brendan Smith,D,1,5,33,0,1,0,0,0,27,0,0,23,41,smithbr05
Arber Xhekaj,D,1,5,118,0,0,0,0,0,69,0,0,63,180,xhekaar01
Dennis Gilbert,D,0,6,50,0,0,0,0,0,9,0,0,36,63,gilbede01
Dennis Gilbert,D,0,5,50,0,0,0,0,0,5,0,0,29,52,gilbede01
Dennis Gilbert,D,0,1,0,0,0,0,0,0,4,0,0,7,11,gilbede01
Oliver Wahlstrom,RW,3,3,37,0,0,1,1,0,54,6,2,30,34,wahlsol01
Oliver Wahlstrom,RW,2,2,9,0,0,1,1,0,30,1,1,18,7,wahlsol01
Oliver Wahlstrom,RW,1,1,28,0,0,0,0,0,24,5,1,12,27,wahlsol01
Rodrigo Abols,C,2,3,4,0,0,0,0,0,25,66,47,12,25,abolsro01
Isaiah George,D,1,4,6,0,0,1,0,0,26,0,0,34,14,georgis01
Jordan Harris,D,1,4,6,0,0,0,0,0,15,0,0,35,23,harrijo01
Tyson Kozak,C,3,2,2,1,0,0,0,0,11,67,78,23,26,kozakty01
Curtis Lazar,C,2,3,14,0,0,0,0,0,27,205,195,17,107,lazarcu01
Nick Leddy,D,2,3,2,0,0,0,0,0,21,0,0,26,5,leddyni01
Vinni Lettieri,C,3,2,6,0,0,0,0,0,52,11,11,16,60,lettivi01
Nils Lundkvist,D,0,5,20,0,0,0,0,0,52,0,0,34,23,lundkni01
Olle Lycksell,RW,0,5,2,0,0,0,1,0,10,2,2,5,9,lycksol01
Philippe Myers,D,2,3,15,0,0,0,0,0,46,0,0,42,76,myersph01
Liam Ohgren,LW,2,3,2,0,0,1,1,0,32,0,0,12,24,ohgreli01
Sam Rinzel,D,0,5,0,0,0,0,3,0,22,0,0,5,12,rinzesa01
Ryan Shea,D,2,3,14,0,0,0,1,0,19,0,0,51,20,sheary01
Devin Shore,C,1,4,6,0,0,0,0,0,41,51,52,37,76,shorede01
Juuso Välimäki,D,2,3,14,0,0,0,0,0,40,0,0,49,23,valimju01
Adam Wilsby,D,1,4,6,0,0,0,0,0,33,0,0,17,18,wilsbad01
Oliver Kylington,D,1,4,8,0,0,0,0,0,6,0,0,18,3,kylinol01
Oliver Kylington,D,1,3,4,0,0,0,0,0,4,0,0,15,2,kylinol01
Oliver Kylington,D,0,1,4,0,0,0,0,0,2,0,0,3,1,kylinol01
Fraser Minten,C,3,2,2,0,0,1,1,0,24,77,91,10,48,mintefr01
Fraser Minten,C,2,2,0,0,0,1,1,0,16,53,58,8,36,mintefr01
Fraser Minten,C,1,0,2,0,0,0,0,0,8,24,33,2,12,mintefr01
Erik Johnson,D,2,3,15,0,0,0,0,1,37,0,0,26,59,johnser01
Erik Johnson,D,1,2,11,0,0,0,0,1,14,0,0,14,40,johnser01
Erik Johnson,D,1,1,4,0,0,0,0,0,23,0,0,12,19,johnser01
Kieffer Bellows,LW,2,2,6,0,0,1,2,0,28,2,1,6,35,belloki01
Lucas Carlsson,D,1,3,14,0,0,1,0,0,15,0,0,14,4,carlslu01
Louis Crevier,D,3,1,10,0,0,0,0,0,28,0,0,49,70,crevilo01
Hudson Fasching,RW,2,2,6,0,0,0,0,0,51,2,8,17,28,faschhu01
Jonah Gadjovich,LW,4,0,60,0,0,2,0,0,43,3,2,21,127,gadjojo01
Ryan Graves,D,1,3,29,0,0,0,0,0,39,0,0,73,75,gravery01
Erik Gudbranson,D,0,4,6,0,0,0,0,0,12,0,0,19,26,gudbrer01
Juha Jaaska,F,0,4,9,0,0,0,0,1,11,16,15,3,20,jaaskju01
Ross Johnston,LW,1,3,72,0,0,1,0,0,9,0,2,20,134,johnsro02
Arthur Kaliyev,RW,3,1,2,0,0,0,0,0,21,0,0,2,7,kaliyar01
Rory Kerins,C,0,4,0,0,0,0,1,0,3,2,4,2,4,kerinro01
John Klingberg,D,1,3,8,0,0,0,0,0,19,0,0,13,5,klingjo01
Logan Mailloux,D,2,2,6,0,0,0,0,0,10,0,0,8,9,mailllo01
Nikolas Matinpalo,D,1,3,20,0,0,0,0,0,43,0,0,29,25,matinni01
Ivan Miroshnichenko,LW,1,3,0,0,0,0,1,0,14,0,0,8,28,mirosiv01
Oliver Moore,C,0,4,4,0,0,0,0,0,10,11,16,2,6,mooreol01
Simon Nemec,D,2,2,14,0,0,1,2,0,26,0,0,26,2,nemecsi01
Zack Ostapchuk,C,1,3,45,0,0,0,0,0,26,137,145,21,110,ostapza01
Zack Ostapchuk,C,1,3,26,0,0,0,0,0,20,85,88,11,86,ostapza01
Zack Ostapchuk,C,0,0,19,0,0,0,0,0,6,52,57,10,24,ostapza01
Jimmy Snuggerud,RW,1,3,0,1,0,0,0,0,10,0,0,4,3,snuggji01
Tyson Barrie,D,1,2,4,0,0,0,2,0,19,0,0,12,10,barrity01
Kyle Burroughs,D,0,3,39,0,0,0,0,0,6,0,0,14,42,burroky01
Nikita Chibrikov,RW,2,1,0,0,0,0,1,0,6,0,0,4,9,chibrni01
Vincent Desharnais,D,0,3,45,0,0,0,0,0,28,0,0,83,87,deshavi01
Vincent Desharnais,D,0,3,34,0,0,0,0,0,20,0,0,48,54,deshavi01
Vincent Desharnais,D,0,0,4,0,0,0,0,0,7,0,0,20,19,deshavi01
Vincent Desharnais,D,0,0,7,0,0,0,0,0,1,0,0,15,14,deshavi01
Nicolas Deslauriers,LW,2,1,15,0,0,0,0,0,25,1,2,9,85,deslani01
Dryden Hunt,LW,0,3,0,0,0,0,0,0,5,2,0,3,10,huntdr01
Matthew Kessel,D,0,3,10,0,0,0,0,0,17,0,0,23,22,kessema01
Pyotr Kochetkov,G,0,3,8,0,0,0,1,0,1,0,0,0,0,kochepy01
Maveric Lamoureux,D,1,2,42,0,0,0,0,0,17,0,0,11,18,lamouma01
Andre Lee,LW,1,2,11,0,0,1,0,0,18,0,0,10,36,leean02
Cameron Lund,C,2,1,4,1,0,0,0,0,12,2,1,2,7,lundca01
Fabian Lysell,RW,1,2,6,1,0,1,0,0,21,0,0,2,5,lyselfa01
Zack MacEwen,C,2,1,21,0,0,0,0,0,26,6,8,7,49,macewza01
Rutger McGroarty,RW,1,2,0,0,0,0,0,0,11,0,1,5,12,mcgroru01
Alex Nedeljkovic,G,1,2,2,0,0,0,1,0,1,0,0,0,0,nedelal01
Matthew Nieto,LW,1,2,4,0,0,0,1,0,31,2,3,20,39,nietoma01
Elias Pettersson,D,1,2,17,0,0,0,0,0,19,0,0,16,39,petteel02
Owen Pickering,D,1,2,6,0,0,0,0,0,15,0,0,19,13,pickeow01
Valtteri Puustinen,RW,2,1,4,2,0,0,0,0,8,0,0,5,10,puustva01
Ilya Sorokin,G,1,2,2,0,0,0,0,0,0,0,0,0,0,sorokil01
Spencer Stastney,D,0,3,4,0,0,0,0,0,15,0,0,24,8,stastsp01
Mitchell Stephens,C,1,2,6,0,0,0,0,0,19,104,90,4,25,stephmi01
Akil Thomas,C,1,2,7,0,0,0,0,0,20,18,23,12,42,thomaak01
Marc-Édouard Vlasic,D,1,2,2,0,0,0,0,1,20,0,0,40,4,vlasima01
Austin Watson,LW,3,0,17,0,0,0,0,0,13,2,1,2,36,watsoau01
Dustin Wolf,G,0,3,2,0,0,0,1,0,0,0,0,0,0,wolfdu01
Kailer Yamamoto,RW,2,1,2,1,0,0,1,0,13,2,0,4,9,yamamka01
Walker Duehr,F,2,1,0,0,0,0,0,0,15,1,8,15,49,duehrwa01
Walker Duehr,F,0,1,0,0,0,0,0,0,9,1,7,12,28,duehrwa01
Walker Duehr,F,2,0,0,0,0,0,0,0,6,0,1,3,21,duehrwa01
Andreas Englund,D,1,2,48,0,0,0,0,0,17,0,0,40,78,engluan01
Andreas Englund,D,1,0,12,0,0,0,0,0,4,0,0,7,20,engluan01
Andreas Englund,D,0,2,36,0,0,0,0,0,13,0,0,33,58,engluan01
David Jiříček,D,1,2,6,0,0,0,0,0,9,0,0,7,12,jiricda01
David Jiříček,D,0,1,4,0,0,0,0,0,5,0,0,4,6,jiricda01
David Jiříček,D,1,1,2,0,0,0,0,0,4,0,0,3,6,jiricda01
Pierre-Olivier Joseph,D,0,3,45,0,0,0,0,0,42,0,0,36,36,joseppi01
Pierre-Olivier Joseph,D,0,2,23,0,0,0,0,0,22,0,0,13,13,joseppi01
Pierre-Olivier Joseph,D,0,1,22,0,0,0,0,0,20,0,0,23,23,joseppi01
Marc McLaughlin,F,2,1,0,0,0,0,0,0,13,14,18,6,28,mclauma01
Marc McLaughlin,F,2,0,0,0,0,0,0,0,13,12,16,6,23,mclauma01
Marc McLaughlin,F,0,1,0,0,0,0,0,0,0,2,2,0,5,mclauma01
Nicolas Aubé-Kubel,RW,1,1,19,0,0,0,0,0,18,5,3,3,40,aubekni01
Nicolas Aubé-Kubel,RW,1,1,17,0,0,0,0,0,18,4,2,3,33,aubekni01
Nicolas Aubé-Kubel,RW,0,0,2,0,0,0,0,0,0,1,1,0,7,aubekni01
Robert Bortuzzo,D,0,2,22,0,0,0,0,0,8,0,0,26,21,borturo01
Luca Cagnoni,D,0,2,8,0,0,0,1,0,7,0,0,9,1,cagnolu01
Joey Daccord,G,0,2,0,0,0,0,0,1,1,0,0,0,0,daccojo01
Ivan Demidov,RW,1,1,0,0,0,0,0,0,5,0,1,0,2,demidiv01
Filip Gustavsson,G,1,1,0,1,0,0,1,0,2,0,0,0,0,gustafi01
John Hayden,C,1,1,31,0,0,0,0,0,20,31,27,19,44,haydejo01
Ben Hutton,D,0,2,0,0,0,0,0,0,11,0,0,19,10,huttobe01
Grant Hutton,D,0,2,4,0,0,0,0,0,10,0,0,12,13,huttogr01
Connor Ingram,G,0,2,4,0,0,0,0,0,0,0,0,0,0,ingraco01
Tyler Johnson,C,0,2,10,0,0,0,1,0,6,7,4,2,5,johnsty01
Max Jones,LW,1,1,18,0,0,0,0,0,17,0,0,8,71,jonesma03
Max Jones,LW,0,0,8,0,0,0,0,0,2,0,0,3,14,jonesma03
Max Jones,LW,1,1,10,0,0,0,0,0,15,0,0,5,57,jonesma03
Oliver Kapanen,C,0,2,2,0,0,0,1,0,16,24,32,8,1,kapanol01
Spencer Knight,G,0,2,0,0,0,0,0,0,0,0,0,0,0,knighsp01
Spencer Knight,G,0,2,0,0,0,0,0,0,0,0,0,0,0,knighsp01
Spencer Knight,G,0,0,0,0,0,0,0,0,0,0,0,0,0,knighsp01
Kevin Korchinski,D,1,1,8,0,0,0,0,0,14,0,0,14,2,korchke01
John Ludvig,D,0,2,6,0,0,0,0,0,9,0,0,6,16,ludvijo01
Matt Martin,LW,0,2,10,0,0,0,0,0,17,8,7,19,82,martima02
Dylan McIlrath,D,0,2,28,0,0,0,0,0,10,0,0,14,38,mcilrdy01
Keaton Middleton,D,0,2,28,0,0,0,0,0,44,0,0,37,69,middlke01
Liam O'Brien,C,0,2,50,0,0,0,0,0,34,0,4,11,100,obrieli01
Brennan Othmann,LW,0,2,2,0,0,0,0,0,20,0,3,7,43,othmabr01
Noah Philp,F,0,2,2,0,0,0,0,0,17,40,62,7,15,philpno01
Ryan Reaves,RW,0,2,28,0,0,0,0,0,14,0,1,8,103,reavery01
Mike Reilly,D,0,2,2,0,0,0,0,0,31,0,0,14,3,reillmi01
Cole Reinhardt,LW,1,1,15,0,0,0,0,0,13,1,0,2,37,reinhco01
Justin Robidas,C,1,1,0,0,0,0,0,0,3,8,10,0,2,robidju01
Joshua Roy,RW,2,0,2,0,0,0,0,0,14,1,0,8,6,royjo01
Michael Sgarbossa,C,1,1,2,0,0,0,0,0,1,9,11,1,1,sgarbmi01
Ty Smith,D,1,1,4,1,0,0,0,0,14,0,0,5,2,smithty01
Alex Steeves,F,1,1,0,0,0,0,0,0,7,0,0,1,19,steeval02
Linus Ullmark,G,0,2,0,0,0,0,0,0,0,0,0,0,0,ullmali01
Andrei Vasilevskiy,G,0,2,8,0,0,0,0,0,0,0,0,0,0,vasilan02
Wyatt Aamodt,D,1,0,0,0,0,0,0,0,3,0,0,9,6,aamodwy01
Frederik Andersen,G,0,1,0,0,0,0,0,0,0,0,0,0,0,anderfr01
Joey Anderson,RW,0,1,0,0,0,0,0,0,17,3,2,13,12,anderjo08
Jaret Anderson-Dolan,C,0,1,4,0,0,0,0,0,8,1,1,6,23,anderja01
Yaroslav Askarov,G,0,1,0,0,0,0,0,0,0,0,0,0,0,askarya01
Andreas Athanasiou,C,1,0,0,0,0,0,0,0,8,26,30,6,6,athanan01
Arshdeep Bains,F,1,0,0,0,0,1,0,0,8,3,1,7,17,bainsar01
Owen Beck,C,0,1,0,0,0,0,0,0,10,21,18,8,23,beckow01
Emil Bemström,C,0,1,0,0,0,0,0,0,13,2,1,3,12,bemstem01
Clark Bishop,C,1,0,0,0,0,0,0,0,4,7,11,2,8,bishocl01
Mackenzie Blackwood,G,0,1,2,0,0,0,1,0,1,0,0,0,0,blackma01
Mackenzie Blackwood,G,0,0,0,0,0,0,0,0,0,0,0,0,0,blackma01
Mackenzie Blackwood,G,0,1,2,0,0,0,1,0,1,0,0,0,0,blackma01
Matěj Blümel,RW,1,0,0,0,0,0,0,0,10,0,0,1,6,blumema01
Sergei Bobrovsky,G,0,1,4,0,0,0,1,0,3,0,0,0,0,bobrose01
Skyler Brind'Amour,C,1,0,2,0,0,0,0,0,1,17,8,1,1,brindsk01
Josh Brown,D,0,1,11,0,0,0,0,0,9,0,0,18,21,brownjo01
Patrick Brown,C,0,1,8,0,0,0,0,0,11,20,24,12,46,brownpa02
Callahan Burke,C,1,0,2,0,0,0,0,0,12,1,0,3,0,burkeca01
Drake Caggiula,LW,0,1,5,0,0,0,0,0,6,1,0,3,8,caggidr01
Michael Callahan,D,1,0,7,0,0,0,0,0,9,0,0,12,8,callami02
Ethan Cardwell,RW,1,0,2,0,0,0,0,0,5,1,1,3,8,cardwet01
Declan Carlile,D,1,0,0,0,0,0,0,0,3,0,0,2,1,carlide01
Lucas Condotta,F,1,0,0,0,0,0,0,0,5,17,12,3,10,condolu01
Angus Crookshank,LW,0,1,0,0,0,0,0,0,9,1,2,4,11,crookan01
Casey DeSmith,G,0,1,2,0,0,0,0,0,0,0,0,0,0,desmica01
Dylan Duke,LW,1,0,0,0,0,0,0,0,1,0,0,0,5,dukedy01
John Farinacci,C,1,0,0,0,0,0,0,0,1,6,2,0,3,farinjo01
Cale Fleury,D,0,1,0,0,0,0,0,0,16,0,0,28,30,fleurca01
Nolan Foote,LW,0,1,0,0,0,0,0,0,5,1,1,1,11,footeno01
Parker Ford,F,1,0,2,0,0,0,0,0,2,0,0,1,5,fordpa01
Brendan Gaunce,C,0,1,4,0,0,0,0,0,11,39,42,7,18,gauncbr01
Alexandar Georgiev,G,0,1,0,0,0,0,1,0,0,0,0,0,0,georgal01
Alexandar Georgiev,G,0,1,0,0,0,0,1,0,0,0,0,0,0,georgal01
Alexandar Georgiev,G,0,0,0,0,0,0,0,0,0,0,0,0,0,georgal01
John Gibson,G,0,1,4,0,0,0,0,0,0,0,0,0,0,gibsojo02
Patrick Giles,F,1,0,0,0,0,0,0,0,15,33,64,7,21,gilespa01
Patrick Giles,F,0,0,0,0,0,0,0,0,4,14,33,4,16,gilespa01
Patrick Giles,F,1,0,0,0,0,0,0,0,11,19,31,3,5,gilespa01
Helge Grans,D,0,1,2,0,0,0,0,0,5,0,0,5,4,granshe01
Kevin Gravel,D,0,1,0,0,0,0,0,0,6,0,0,8,7,graveke01
Daniil Gushchin,LW,0,1,6,0,0,0,0,0,16,1,0,6,6,gushcda01
Mike Hardman,RW,0,1,0,0,0,0,0,0,2,0,1,3,4,hardmmi01
Ville Heinola,D,0,1,4,0,0,0,0,0,12,0,0,16,8,heinovi01
Connor Hellebuyck,G,0,1,2,0,0,0,0,0,0,0,0,0,0,helleco01
Joel Hofer,G,0,1,2,0,0,0,0,0,0,0,0,0,0,hoferjo01
Justin Hryckowian,F,0,1,0,0,0,0,0,0,3,3,2,0,8,hryckju01
Arttu Hyry,F,0,1,0,0,0,0,0,0,5,11,5,3,4,hyryar01
Bokondji Imama,LW,1,0,30,0,0,1,0,0,10,0,0,7,45,imamabo01
Tristan Jarry,G,0,1,2,0,0,0,0,0,0,0,0,0,0,jarrytr01
Matt Kiersted,D,0,1,2,0,0,0,0,0,0,0,0,1,3,kiersma01
Joona Koppanen,LW,1,0,0,0,0,0,0,0,10,18,28,3,40,koppajo01
Darcy Kuemper,G,0,1,12,0,0,0,0,0,0,0,0,0,0,kuempda01
Joseph LaBate,C,0,1,10,0,0,0,0,0,3,0,2,11,14,labatjo01
Tanner Laczynski,C,1,0,6,0,0,0,0,0,2,16,21,3,3,laczyta01
William Lagesson,D,0,1,4,0,0,0,0,0,5,0,0,7,6,lageswi01
Brad Lambert,C,0,1,2,0,0,0,0,0,1,5,10,4,5,lambebr01
Kevin Lankinen,G,0,1,0,0,0,0,1,0,0,0,0,0,0,lankike01
Jeremy Lauzon,D,0,1,37,0,0,0,0,0,25,0,0,34,127,lauzoje01
Ryan Leonard,RW,1,0,11,0,0,0,0,0,17,1,0,4,18,leonary01
Ukko-Pekka Luukkonen,G,0,1,2,0,0,0,0,0,0,0,0,0,0,luukkuk01
Jeff Malott,F,0,1,7,0,0,0,0,0,13,1,1,7,19,malotje01
Georgii Merkulov,F,0,1,2,0,0,0,0,0,7,0,1,7,2,merkuge01
Dakota Mermis,D,0,1,2,0,0,0,0,0,6,0,0,4,3,mermida01
Dakota Mermis,D,0,0,2,0,0,0,0,0,2,0,0,1,0,mermida01
Dakota Mermis,D,0,1,0,0,0,0,0,0,4,0,0,3,3,mermida01
Elvis Merzļikins,G,0,1,8,0,0,0,0,0,0,0,0,0,0,merzlel01
Ian Mitchell,D,0,1,2,0,0,0,0,0,10,0,0,23,5,mitchia01
Sam Montembeault,G,0,1,0,0,0,0,0,0,0,0,0,0,0,montesa01
Ian Moore,D,0,1,0,0,0,0,0,0,4,0,0,1,1,mooreia01
Sam Morton,F,1,0,0,0,0,1,0,0,1,4,3,1,4,mortosa01
Bradly Nadeau,LW,0,1,0,0,0,0,0,0,8,0,0,1,2,nadeabr01
Jake Oettinger,G,0,1,0,0,0,0,0,0,0,0,0,0,0,oettija01
Ville Ottavainen,D,0,1,0,0,0,0,0,0,1,0,0,1,3,ottavvi01
Zayne Parekh,D,1,0,2,0,0,0,0,0,2,0,0,1,1,parekza01
Isaak Phillips,D,1,0,0,0,0,0,0,0,3,0,0,4,3,phillis01
Calvin Pickard,G,0,1,0,0,0,0,0,0,0,0,0,0,0,pickaca01
Andrew Poturalski,C,0,1,2,0,0,0,0,0,5,21,22,4,0,poturan01
Samuel Poulin,RW,0,1,2,0,0,0,0,0,3,0,0,0,10,poulisa01
Jonathan Quick,G,0,1,2,0,0,0,0,1,0,0,0,0,0,quickjo01
Calum Ritchie,C,1,0,0,0,0,0,0,0,11,3,4,2,6,ritchca01
Isak Rosen,RW,0,1,0,0,0,0,0,0,8,0,0,2,3,rosenis01
Chad Ruhwedel,D,0,1,0,0,0,0,0,0,1,0,0,5,8,ruhwech01
Ilya Samsonov,G,0,1,4,0,0,0,0,0,0,0,0,0,0,samsoil01
Juuse Saros,G,0,1,4,0,0,0,1,0,0,0,0,0,0,sarosju01
Matthew Savoie,C,0,1,0,0,0,0,0,0,6,4,2,1,3,savoima01
Dominik Shine,F,0,1,15,0,0,0,0,0,5,0,0,3,16,shinedo01
Ilya Solovyov,D,0,1,2,0,0,0,0,0,6,0,0,8,12,solovil01
Justin Sourdif,RW,1,0,0,0,0,1,0,0,2,0,0,0,0,sourdju01
Jack St. Ivany,D,0,1,17,0,0,0,0,0,12,0,0,25,38,stivajo01
Anthony Stolarz,G,0,1,0,0,0,0,0,0,0,0,0,0,0,stolaan01
Daniil Tarasov,G,0,1,0,0,0,0,0,0,0,0,0,0,0,tarasda02
Logan Thompson,G,0,1,0,0,0,0,0,0,0,0,0,0,0,thomplo01
T.J. Tynan,C,0,1,4,0,0,0,0,0,5,7,14,4,5,tynant.01
Vítek Vaněček,G,0,1,0,0,0,0,0,0,0,0,0,0,0,vanecvi01
Vítek Vaněček,G,0,1,0,0,0,0,0,0,0,0,0,0,0,vanecvi01
Vítek Vaněček,G,0,0,0,0,0,0,0,0,0,0,0,0,0,vanecvi01
Karel Vejmelka,G,0,1,0,0,0,0,0,1,0,0,0,0,0,vejmeka01
Daniel Vladař,G,0,1,2,0,0,0,0,0,0,0,0,0,0,vladada01
Chris Wagner,C,1,0,14,0,0,0,0,0,29,48,60,13,57,wagnech01
Taylor Ward,F,1,0,0,1,0,0,0,0,4,1,0,0,3,wardta01
Ozzy Wiesblatt,RW,0,1,0,0,0,0,0,0,4,0,0,3,13,wiesboz01
Ryan Winterton,C,0,1,2,0,0,0,0,0,15,1,1,6,20,wintery01
Matthew Wood,RW,0,1,2,0,0,0,0,0,8,1,2,2,2,woodma01
Jack Ahcan,D,0,0,2,0,0,0,0,0,1,0,0,1,3,ahcanja01
Alexander Alexeyev,D,0,0,0,0,0,0,0,0,7,0,0,14,9,alexeal01
Jake Allen,G,0,0,0,0,0,0,0,0,1,0,0,0,0,allenja01
Justus Annunen,G,0,0,0,0,0,0,0,0,0,0,0,0,0,annunju01
Justus Annunen,G,0,0,0,0,0,0,0,0,0,0,0,0,0,annunju01
Justus Annunen,G,0,0,0,0,0,0,0,0,0,0,0,0,0,annunju01
Rasmus Asplund,F,0,0,2,0,0,0,0,0,2,9,6,2,3,asplura01
Alex Barré-Boulet,F,0,0,2,0,0,0,0,0,0,0,0,0,3,barreal01
Matt Benning,D,0,0,4,0,0,0,0,0,7,0,0,10,9,bennima01
Jordan Binnington,G,0,0,6,0,0,0,0,0,0,0,0,0,0,binnijo01
Tobias Björnfot,D,0,0,2,0,0,0,0,0,10,0,0,10,13,bjornto01
Joel Blomqvist,G,0,0,0,0,0,0,0,0,0,0,0,0,0,blomqjo01
Samuel Bolduc,D,0,0,0,0,0,0,0,0,0,0,0,0,0,boldusa01
Thomas Bordeleau,C,0,0,0,0,0,0,0,0,1,1,0,0,0,bordeth01
Shane Bowers,C,0,0,0,0,0,0,0,0,2,1,0,1,9,bowersh01
Travis Boyd,C,0,0,0,0,0,0,0,0,0,0,0,3,1,boydtr01
Chase Bradley,LW,0,0,0,0,0,0,0,0,0,0,0,1,1,bradlch01
Guillaume Brisebois,D,0,0,0,0,0,0,0,0,2,0,0,4,2,brisegu01
Brendan Brisson,C,0,0,0,0,0,0,0,0,7,0,0,0,9,brissbr01
Frederic Brunet,D,0,0,0,0,0,0,0,0,2,0,0,5,1,brunefr01
Hunter Brzustewicz,D,0,0,2,0,0,0,0,0,2,0,0,0,1,brzushu01
Kyle Capobianco,D,0,0,4,0,0,0,0,0,0,0,0,0,1,capobky01
Nathan Clurman,D,0,0,2,0,0,0,0,0,4,0,0,0,1,clurmna01
Dylan Coghlan,D,0,0,4,0,0,0,0,0,9,0,0,7,2,coghldy01
Drew Commesso,G,0,0,0,0,0,0,0,0,0,0,0,0,0,commedr01
Eric Comrie,G,0,0,0,0,0,0,0,0,0,0,0,0,0,comrier01
Pheonix Copley,G,0,0,0,0,0,0,0,0,0,0,0,0,0,copleph01
Sebastian Cossa,G,0,0,0,0,0,0,0,0,0,0,0,0,0,cossase01
Cameron Crotty,D,0,0,0,0,0,0,0,0,0,0,0,0,0,crottca01
Maxwell Crozier,D,0,0,0,0,0,0,0,0,8,0,0,6,11,crozima01
Nico Daws,G,0,0,0,0,0,0,0,0,0,0,0,0,0,dawsni01
Thatcher Demko,G,0,0,0,0,0,0,0,0,0,0,0,0,0,demkoth01
Grigori Denisenko,LW,0,0,2,0,0,0,0,0,0,0,1,0,5,denisgr01
Travis Dermott,D,0,0,2,0,0,0,0,0,8,0,0,16,6,dermotr01
Travis Dermott,D,0,0,2,0,0,0,0,0,3,0,0,10,6,dermotr01
Travis Dermott,D,0,0,0,0,0,0,0,0,5,0,0,6,0,dermotr01
Cam Dineen,D,0,0,0,0,0,0,0,0,8,0,0,6,1,dineeca01
Jakub Dobes,G,0,0,0,0,0,0,0,0,0,0,0,0,0,dobesja01
Louis Domingue,G,0,0,0,0,0,0,0,0,0,0,0,0,0,dominlo01
Karsen Dorwart,F,0,0,2,0,0,0,0,0,4,14,21,2,9,dorwaka01
Lukáš Dostál,G,0,0,0,0,0,0,0,0,1,0,0,0,0,dostalu01
Joshua Dunne,C,0,0,5,0,0,0,0,0,1,2,5,2,5,dunnejo01
Riley Duran,C,0,0,2,0,0,0,0,0,5,1,1,0,6,duranri01
Dalibor Dvorsky,C,0,0,0,0,0,0,0,0,2,3,3,0,0,dvorsda01
Samuel Ersson,G,0,0,2,0,0,0,0,0,0,0,0,0,0,erssosa01
Ivan Fedotov,G,0,0,0,0,0,0,0,0,0,0,0,0,0,fedotiv01
Tye Felhaber,F,0,0,0,0,0,0,0,0,2,0,0,0,7,felhaty01
Domenick Fensore,D,0,0,2,0,0,0,0,0,5,0,0,3,3,fensodo01
Jack Finley,C,0,0,0,0,0,0,0,0,1,3,2,0,1,finleja01
Marc-André Fleury,G,0,0,2,0,0,0,0,0,0,0,0,0,0,fleurma01
Anton Forsberg,G,0,0,0,0,0,0,0,0,0,0,0,0,0,forsban01
Liam Foudy,C,0,0,0,0,0,0,0,0,1,0,0,1,0,foudyli01
Mark Friedman,D,0,0,10,0,0,0,0,0,4,0,0,6,6,friedma01
Jacob Gaucher,F,0,0,0,0,0,0,0,0,3,10,5,2,4,gauchja01
Julien Gauthier,RW,0,0,0,0,0,0,0,0,0,0,0,0,2,gauthju01
Adam Ginning,D,0,0,0,0,0,0,0,0,0,0,0,1,1,ginniad01
Jet Greaves,G,0,0,0,0,0,0,0,0,0,0,0,0,0,greavje01
Nikita Grebenkin,RW,0,0,2,0,0,0,0,0,2,1,0,1,13,grebeni01
Ryan Greene,C,0,0,0,0,0,0,0,0,1,6,12,3,0,greenry01
Philipp Grubauer,G,0,0,0,0,0,0,0,0,0,0,0,0,0,grubaph01
Robert Hägg,D,0,0,0,0,0,0,0,0,0,0,0,2,11,haggro01
Jani Hakanpää,D,0,0,0,0,0,0,0,0,2,0,0,4,1,hakanja01
Brian Halonen,F,0,0,0,0,0,0,0,0,2,0,0,1,2,halonbr01
Brandon Halverson,G,0,0,0,0,0,0,0,0,0,0,0,0,0,halvebr01
Rafaël Harvey-Pinard,LW,0,0,0,0,0,0,0,0,0,0,0,0,1,harvera01
Dennis Hildeby,G,0,0,0,0,0,0,0,0,0,0,0,0,0,hildede01
Adin Hill,G,0,0,4,0,0,0,0,0,0,0,0,0,0,hillad01
Hayden Hodgson,RW,0,0,5,0,0,0,0,0,2,0,0,1,7,hodgsha01
Marcus Högberg,G,0,0,0,0,0,0,0,0,0,0,0,0,0,hogbema01
Samuel Honzek,LW,0,0,2,0,0,0,0,0,6,0,1,2,6,honzesa01
Daemon Hunt,D,0,0,0,0,0,0,0,0,2,0,0,2,0,huntda01
Ville Husso,G,0,0,0,0,0,0,0,0,0,0,0,0,0,hussovi01
Ville Husso,G,0,0,0,0,0,0,0,0,0,0,0,0,0,hussovi01
Ville Husso,G,0,0,0,0,0,0,0,0,0,0,0,0,0,hussovi01
Quinn Hutson,F,0,0,2,0,0,0,0,0,1,0,0,0,0,hutsoqu01
Jere Innala,F,0,0,2,0,0,0,0,0,8,1,2,6,20,innalje01
Jan Jeník,RW,0,0,0,0,0,0,0,0,0,1,2,0,2,jenikja01
Jonas Johansson,G,0,0,0,0,0,0,0,0,0,0,0,0,0,johanjo03
Reese Johnson,F,0,0,0,0,0,0,0,0,1,0,0,3,6,johnsre01
Ryan Johnson,D,0,0,4,0,0,0,0,0,3,0,0,4,1,johnsry03
Ben Jones,F,0,0,10,0,0,0,0,0,24,12,13,11,51,jonesbe01
Caleb Jones,D,0,0,2,0,0,0,0,0,6,0,0,5,10,jonesca01
Noah Juulsen,D,0,0,21,0,0,0,0,0,26,0,0,60,101,juulsno01
Kaapo Kähkönen,G,0,0,0,0,0,0,0,0,0,0,0,0,0,kahkoka01
Devin Kaplan,RW,0,0,0,0,0,0,0,0,0,0,0,0,1,kaplade01
Joakim Kemell,RW,0,0,0,0,0,0,0,0,8,0,0,1,4,kemeljo01
Niklas Kokko,G,0,0,0,0,0,0,0,0,0,0,0,0,0,kokkoni01
Aleksei Kolosov,G,0,0,0,0,0,0,0,0,0,0,0,0,0,kolosal01
Joonas Korpisalo,G,0,0,0,0,0,0,0,0,0,0,0,0,0,korpijo01
Kirill Kudryavtsev,D,0,0,0,0,0,0,0,0,2,0,0,5,0,kudryki01
Raphael Lavoie,C,0,0,2,0,0,0,0,0,10,0,2,0,16,lavoira01
Nathan Legare,RW,0,0,0,0,0,0,0,0,3,0,0,1,12,legarna01
Tristan Lennox,G,0,0,0,0,0,0,0,0,0,0,0,0,0,lennotr01
Devon Levi,G,0,0,0,0,0,0,0,0,0,0,0,0,0,levide01
Charlie Lindgren,G,0,0,0,0,0,0,0,0,0,0,0,0,0,lindgch01
Jake Lucchini,F,0,0,2,0,0,0,0,0,2,1,1,0,2,lucchja01
Jett Luchanko,F,0,0,2,0,0,0,0,0,3,17,20,0,6,luchaje01
Tristan Luneau,D,0,0,2,0,0,0,0,0,6,0,0,9,5,luneatr01
Alex Lyon,G,0,0,2,0,0,0,0,0,0,0,0,0,0,lyonal01
Kurtis MacDermid,LW,0,0,23,0,0,0,0,0,7,0,0,8,40,macdeku01
Connor Mackey,D,0,0,5,0,0,0,0,0,1,0,0,1,4,mackeco01
James Malatesta,LW,0,0,0,0,0,0,0,0,0,1,0,1,6,malatja01
Jacob Markström,G,0,0,0,0,0,0,0,0,1,0,0,0,0,marksja02
Spencer Martin,G,0,0,0,0,0,0,0,0,0,0,0,0,0,martisp01
Carter Mazur,LW,0,0,0,0,0,0,0,0,0,0,0,0,0,mazurca01
Jaycob Megna,D,0,0,2,0,0,0,0,0,5,0,0,9,3,megnaja02
Jacob Melanson,RW,0,0,0,0,0,0,0,0,0,0,0,0,4,melanja01
Leevi Merilainen,G,0,0,0,0,0,0,0,0,0,0,0,0,0,merille01
Ben Meyers,F,0,0,2,0,0,0,0,0,4,24,25,1,9,meyerbe01
Sonny Milano,LW,0,0,0,0,0,0,0,0,4,0,0,0,1,milanso01
Michael Milne,LW,0,0,0,0,0,0,0,0,0,0,0,0,3,milnemi01
Trent Miner,G,0,0,0,0,0,0,0,0,0,0,0,0,0,minertr01
Daniil Misyul,D,0,0,0,0,0,0,0,0,0,0,0,1,1,misyuda01
Mason Morelli,F,0,0,0,0,0,0,0,0,0,0,0,0,4,morelma01
Petr Mrázek,G,0,0,0,0,0,0,0,0,0,0,0,0,0,mrazepe01
Petr Mrázek,G,0,0,0,0,0,0,0,0,0,0,0,0,0,mrazepe01
Petr Mrázek,G,0,0,0,0,0,0,0,0,0,0,0,0,0,mrazepe01
Ty Mueller,C,0,0,2,0,0,0,0,0,1,5,10,4,1,muellty01
Brett Murray,LW,0,0,0,0,0,0,0,0,0,0,0,0,3,murrabr02
Matt Murray,G,0,0,0,0,0,0,0,0,0,0,0,0,0,murrama02
Alexander Nylander,LW,0,0,4,0,0,0,0,0,4,3,1,0,0,nylanal01
Oskar Olausson,RW,0,0,0,0,0,0,0,0,3,0,0,2,1,olausos01
Noah Ostlund,C,0,0,2,0,0,0,0,0,4,8,14,3,1,ostluno01
Victor Ostman,G,0,0,0,0,0,0,0,0,0,0,0,0,0,ostmavi01
Yaniv Perets,G,0,0,0,0,0,0,0,0,0,0,0,0,0,peretya01
Gabriel Perreault,RW,0,0,0,0,0,0,0,0,5,0,1,1,1,perrega01
Alexander Petrovic,D,0,0,4,0,0,0,0,0,5,0,0,6,10,petroal01
Michael Pezzetta,C,0,0,24,0,0,0,0,0,14,2,6,7,73,pezzemi01
Jason Polin,F,0,0,0,0,0,0,0,0,3,1,0,1,1,polinja01
Vasiliy Ponomarev,C,0,0,2,0,0,0,0,0,8,14,13,2,5,ponomva01
Erik Portillo,G,0,0,0,0,0,0,0,0,0,0,0,0,0,portier01
Cayden Primeau,G,0,0,2,0,0,0,0,0,0,0,0,0,0,primeca01
Nikita Prishchepov,C,0,0,0,0,0,0,0,0,4,0,0,2,10,prishni01
Jacob Quillan,F,0,0,0,0,0,0,0,0,0,0,0,0,1,quillja01
James Reimer,G,0,0,0,0,0,0,0,0,0,0,0,0,0,reimeja01
James Reimer,G,0,0,0,0,0,0,0,0,0,0,0,0,0,reimeja01
James Reimer,G,0,0,0,0,0,0,0,0,0,0,0,0,0,reimeja01
David Rittich,G,0,0,2,0,0,0,0,0,0,0,0,0,0,rittida01
Matthew Robertson,D,0,0,0,0,0,0,0,0,2,0,0,1,2,roberma02
Olivier Rodrigue,G,0,0,0,0,0,0,0,0,0,0,0,0,0,rodriol01
Georgi Romanov,G,0,0,0,0,0,0,0,0,0,0,0,0,0,romange01
Jonas Røndbjerg,RW,0,0,0,0,0,0,0,0,11,1,4,4,3,rondbjo01
Scott Sabourin,F,0,0,0,0,0,0,0,0,0,0,0,1,2,sabousc01
Steven Santini,D,0,0,0,0,0,0,0,0,1,0,0,2,1,santist01
Akira Schmid,G,0,0,0,0,0,0,0,0,0,0,0,0,0,schmiak01
Corey Schueneman,D,0,0,0,0,0,0,0,0,4,0,0,7,1,schueco01
Jimmy Schuldt,D,0,0,0,0,0,0,0,0,4,0,0,5,13,schulja01
Donovan Sebrango,D,0,0,0,0,0,0,0,0,0,0,0,0,0,sebrado01
Conor Sheary,LW,0,0,4,0,0,0,0,0,3,0,1,1,2,shearco01
Hunter Shepard,G,0,0,0,0,0,0,0,0,0,0,0,0,0,shepahu01
Igor Shesterkin,G,0,0,6,0,0,0,0,0,0,0,0,0,0,shestig01
Owen Sillinger,F,0,0,2,0,0,0,0,0,0,2,3,1,1,silliow01
Arturs Silovs,G,0,0,2,0,0,0,0,0,0,0,0,0,0,silovar01
Jakub Skarek,G,0,0,0,0,0,0,0,0,0,0,0,0,0,skareja01
Stuart Skinner,G,0,0,0,0,0,0,0,0,0,0,0,0,0,skinnst01
Givani Smith,RW,0,0,18,0,0,0,0,0,5,0,0,5,20,smithgi01
Givani Smith,RW,0,0,10,0,0,0,0,0,2,0,0,3,7,smithgi01
Givani Smith,RW,0,0,8,0,0,0,0,0,3,0,0,2,13,smithgi01
Arvid Söderblom,G,0,0,0,0,0,0,0,0,1,0,0,0,0,soderar01
Jaxson Stauber,G,0,0,0,0,0,0,0,0,0,0,0,0,0,staubja01
Clay Stevenson,G,0,0,0,0,0,0,0,0,0,0,0,0,0,stevecl01
Ales Stezka,G,0,0,0,0,0,0,0,0,0,0,0,0,0,stezkal01
Matthew Stienburg,C,0,0,22,0,0,0,0,0,4,0,0,1,16,stienma01
Riley Stillman,D,0,0,7,0,0,0,0,0,1,0,0,1,8,stillri01
Aydar Suniev,LW,0,0,0,0,0,0,0,0,1,0,0,0,0,sunieay01
Ryan Suzuki,C,0,0,0,0,0,0,0,0,0,4,3,0,2,suzukry01
Jeremy Swayman,G,0,0,2,0,0,0,0,0,0,0,0,0,0,swaymje01
Mads Søgaard,G,0,0,2,0,0,0,0,0,0,0,0,0,0,sogaama01
Cam Talbot,G,0,0,0,0,0,0,0,0,0,0,0,0,0,talboca01
Dustin Tokarski,G,0,0,0,0,0,0,0,0,0,0,0,0,0,tokardu01
Nikita Tolopilo,G,0,0,0,0,0,0,0,0,0,0,0,0,0,tolopni01
Dominic Toninato,C,0,0,0,0,0,0,0,0,2,3,2,3,7,tonindo01
Riley Tufte,LW,0,0,4,0,0,0,0,0,1,1,1,1,8,tufteri01
Ryan Ufko,D,0,0,0,0,0,0,0,0,0,0,0,0,1,ufkory01
Semyon Varlamov,G,0,0,0,0,0,0,0,0,0,0,0,0,0,varlasi01
Jeffrey Viel,F,0,0,14,0,0,0,0,0,3,1,0,2,12,vielje01
Matt Villalta,G,0,0,0,0,0,0,0,0,0,0,0,0,0,villama01
Jesper Wallstedt,G,0,0,2,0,0,0,0,0,0,0,0,0,0,wallsje01
Tim Washe,F,0,0,0,0,0,0,0,0,2,4,4,0,4,washeti01
Scott Wedgewood,G,0,0,0,0,0,0,0,0,0,0,0,0,0,wedgesc01
Scott Wedgewood,G,0,0,0,0,0,0,0,0,0,0,0,0,0,wedgesc01
Scott Wedgewood,G,0,0,0,0,0,0,0,0,0,0,0,0,0,wedgesc01
Colin White,C,0,0,0,0,0,0,0,0,1,3,10,1,2,whiteco02
Jack Williams,F,0,0,0,0,0,0,0,0,0,5,6,1,0,willija02
Joseph Woll,G,0,0,0,0,0,0,0,0,0,0,0,0,0,wolljo01